Company,Model,Total Units sold,Average Purchase Rate,ARPU Per Year,Q-Q Projected Growth %,Recent Quarter Sales,Next Quarter Revenue,YoY Forecasted Growth Rate,Units Sold Recent Quarter,Projected Units Sales for Next Quarter,Income Group of Potential Customers,Color
Lexus,LS400,86,1.048780488,53707.56098,11,$498002,$550503,-29.96180681,8,9,Low Income,Black
Dodge,Ram Pickup,130,1.074380165,28069.20661,-52,$890346,$424547,-0.014366192,19,9,Low Income,Pale White
Ford,Taurus,69,1.029850746,48473.35821,-39,$697504,$423615,-33.91351964,10,6,Low Income,Black
Oldsmobile,Silhouette,61,1.033898305,54974.79661,-16,$480002,$405439,-4.938323709,6,5,Low Income,Black
Volkswagen,Jetta,84,1.024390244,37939.29268,-35,$595004,$388878,4.817737814,13,8,Low Income,Pale White
Dodge,Ram Pickup,98,1.042553191,32246.04255,-37,$598458,$378891,10.4638484,14,9,High Income,Pale White
Cadillac,Eldorado,47,1.02173913,60365.5,-31,$548602,$378656,-46.38901435,2,1,High Income,Black
Chevrolet,Malibu,82,1.025,36911.525,-46,$680509,$369115,34.713012,11,6,Low Income,Pale White
Chrysler,Concorde,72,1.043478261,42391.6087,-5,$384001,$365628,-43.31401568,5,5,Low Income,Pale White
Oldsmobile,Cutlass,75,1.013513514,38894.66216,-42,$619695,$359776,183.288189,13,8,Low Income,Pale White
Lexus,LS400,77,1.054794521,37404.43836,-12,$404004,$356155,119.8474083,7,6,Low Income,Pale White
Mitsubishi,Montero Sport,77,1.013157895,36743.65789,-46,$640506,$349065,-30.87862844,11,6,Low Income,Pale White
Chevrolet,Corvette,89,1,31107.10112,-36,$537505,$346067,-37.42086447,14,9,Low Income,Pale White
Saturn,LS,75,1.041666667,37416.97222,9,$309004,$336753,78.17336233,4,4,Low Income,Pale White
Toyota,Tacoma,63,1.016129032,43269.54839,-36,$522303,$335339,-21.48484785,11,7,High Income,Pale White
Nissan,Pathfinder,69,1.029850746,39683.73134,-31,$483002,$332351,-19.7225624,11,8,Low Income,Pale White
Toyota,Tacoma,63,1.032786885,42860.86885,-54,$708002,$326814,41.47608473,10,5,Low Income,Pale White
Cadillac,Eldorado,48,1.066666667,55255.8,-15,$383001,$324328,21.1300009,4,3,Low Income,Black
Mercedes-B,S-Class,54,1,48004.92593,-43,$564506,$324033,-0.60367913,6,3,Low Income,Black
Mercedes-B,SLK,84,1.090909091,33616.42857,-53,$694955,$323558,4.20547504,16,7,Low Income,Pale White
Lexus,LS400,55,1,46951.72727,-10,$360081,$322793,-38.4103888,7,6,High Income,Black
Mitsubishi,Diamante,99,1.03125,26713.8125,-45,$587005,$320566,57.13711496,18,10,Low Income,Black
Volkswagen,Jetta,80,1.012658228,32402.13924,-29,$447802,$319971,-5.36230298,12,9,High Income,Pale White
Volkswagen,Passat,109,1.048076923,24507.66346,-40,$535010,$318600,-23.59730552,16,10,Low Income,Pale White
BMW,528i,81,1.038461538,32173.33333,-49,$610507,$313690,23.49805515,13,7,Low Income,Pale White
Mitsubishi,Diamante,91,1.034090909,26843.48864,-32,$453803,$308117,-34.8532005,10,7,High Income,Black
Chrysler,Concorde,63,1.05,41051.1,83,$168482,$307883,-19.98924122,3,5,High Income,Pale White
Audi,A6,100,1.063829787,26021.48936,-17,$368004,$305753,-10.98997392,11,9,Low Income,Black
Chrysler,LHS,63,1.032786885,36510.96721,-44,$542256,$303705,-21.70533643,9,5,High Income,Black
Ford,Contour,46,1.022222222,51922.55556,-55,$653004,$292064,-32.78220684,10,4,Low Income,Pale White
Nissan,Pathfinder,57,1,39757.38596,-16,$335505,$283271,-29.18278113,7,6,High Income,Pale White
BMW,328i,77,1,29389.84416,-44,$508006,$282877,4.381116146,12,7,Low Income,Black
Ford,Explorer,72,1.028571429,32235.92857,-33,$423002,$282064,-43.97956711,10,7,Low Income,Pale White
Chevrolet,Malibu,61,1.033898305,38222.10169,-6,$298804,$281888,-33.59591429,6,6,High Income,Pale White
Buick,Park Avenue,49,1.020833333,46551.27083,-17,$334502,$279308,-11.89105466,5,4,High Income,Pale White
Buick,Park Avenue,46,1.022222222,49189.06667,-2,$283500,$276689,-47.44778282,3,3,Low Income,Pale White
BMW,528i,54,1.018867925,37928.58491,-55,$608405,$274120,-46.47943972,11,5,High Income,Pale White
Chrysler,Sebring Coupe,60,1.034482759,35791.63793,107,$131002,$270772,-30.80247276,2,4,Low Income,Pale White
Chrysler,LHS,66,1.047619048,34184.30159,-50,$541003,$269201,4.644861848,14,7,Low Income,Black
Toyota,Celica,80,1.025641026,27599,-46,$495407,$269090,-14.71133579,9,5,High Income,Pale White
Oldsmobile,Silhouette,37,1,58121.91892,2,$262600,$268814,-44.13708975,3,3,High Income,Black
Lexus,LS400,63,1.016129032,33091.40323,-39,$436604,$267609,73.77094954,12,7,High Income,Pale White
Ford,Taurus,46,1,46248.1087,-30,$378101,$265927,-52.09860309,7,5,High Income,Black
Chrysler,LHS,87,1.023529412,23736.57647,-36,$411304,$263166,10.34075043,15,10,Low Income,Pale White
Oldsmobile,Aurora,49,1.020833333,43719,-10,$292002,$262314,-43.22244661,3,3,Low Income,Red
Ford,Contour,37,1,56313.72973,-33,$391402,$260451,-30.08101926,7,5,High Income,Pale White
Oldsmobile,Intrigue,48,1.021276596,42476.46809,-52,$538007,$260399,-16.13558776,8,4,Low Income,Pale White
Oldsmobile,Cutlass,47,1.02173913,41335.1087,-49,$507205,$259284,-37.46225314,12,6,High Income,Pale White
Ford,Explorer,55,1,34498.4,17,$221002,$258738,-40.43825664,5,6,High Income,Pale White
Ford,Ranger,63,1,30047.80952,-18,$316502,$258138,1.229794276,7,6,Low Income,Black
Volkswagen,Passat,91,1.045977011,23695.05747,-45,$464807,$257684,-10.49624353,13,7,High Income,Pale White
Volkswagen,Jetta,68,1.014925373,30745,13,$227502,$257489,-59.98666683,4,5,Low Income,Red
Mitsubishi,Montero Sport,45,1.046511628,45895.60465,-3,$264500,$257414,-1.375835712,3,3,Low Income,Black
Toyota,Celica,79,1.025974026,26475.57143,-25,$340004,$254827,24.30464093,6,4,Low Income,Pale White
Volkswagen,Jetta,58,1.054545455,36578.43636,-3,$260503,$251477,-54.7948776,7,7,High Income,Red
Ford,Focus,39,1.026315789,50330.52632,-49,$490804,$249464,13.13457474,9,5,Low Income,Black
Mercedes-B,SLK,68,1.014925373,28488.65672,-1,$251185,$248966,20.56289739,4,4,High Income,Pale White
Cadillac,Catera,31,1,61569.58065,-20,$310201,$248955,10.27760428,4,3,High Income,Pale White
Cadillac,Catera,29,1,68581.37931,-2,$253501,$248608,-33.76652786,3,3,Low Income,Pale White
Dodge,Viper,60,1,33016.86667,-28,$344006,$247627,-54.27034434,5,4,Low Income,Red
Mitsubishi,Montero Sport,51,1.040816327,38389.08163,-68,$759506,$245356,43.22924876,16,5,High Income,Pale White
Oldsmobile,Bravada,72,1.014084507,26474.85915,-52,$511505,$245180,-26.37237237,14,7,Low Income,Black
Plymouth,Voyager,25,1,75040.16,-19,$300501,$244696,-34.74773333,2,2,Low Income,Black
Chevrolet,Corvette,62,1,31456.72581,-29,$341204,$243790,-20.51345588,8,6,High Income,Pale White
Chevrolet,Prizm,78,1,22907.34615,21,$201004,$243651,20.61811269,5,6,Low Income,Black
Lincoln,Continental,63,1.05,32358.46667,-56,$552501,$242689,-19.23907582,11,5,Low Income,Black
Mercury,Sable,39,1.026315789,50473.86842,54,$156000,$239751,72.48273381,4,6,Low Income,Red
Ford,Expedition,81,1.051948052,24605.42857,-24,$312004,$236827,-5.270336756,9,7,Low Income,Black
Audi,A6,80,1.052631579,22822.59211,-40,$395003,$236525,-13.36144058,13,8,Low Income,Pale White
Chrysler,Sebring Coupe,59,1.035087719,33046.96491,-31,$338802,$235460,-5.817883642,10,7,High Income,Pale White
Saturn,LS,45,1.022727273,42672.5,-3,$241801,$234699,-54.93516742,6,6,High Income,Pale White
Lexus,LX470,47,1.02173913,40771.97826,-55,$516004,$234439,44.71364551,9,4,Low Income,Pale White
Chevrolet,Prizm,73,1.073529412,26628.85294,2,$222503,$226345,16.67268041,6,6,Low Income,Pale White
Plymouth,Voyager,2,1,75000,,,$225000,,,,Medium Income,Black
Subaru,Outback,31,1,52387.32258,-29,$311000,$221456,4.459391893,5,4,Low Income,Red
Cadillac,Escalade,56,1,30296.67857,1,$219650,$221297,-18.99905931,4,4,High Income,Black
Honda,Accord,41,1.025,44134.775,-14,$258002,$220674,2.638114994,5,4,Low Income,Black
Pontiac,Sunfire,47,1.02173913,38098.1087,-30,$312502,$219064,-51.48105656,7,5,Low Income,Pale White
Oldsmobile,Silhouette,90,1.022727273,19761.64773,-20,$272505,$217378,11.76016946,13,10,Low Income,Pale White
Volvo,S40,54,1.058823529,31112.84314,-48,$412253,$216376,-3.618708241,14,7,Low Income,Pale White
Mercury,Sable,38,1,45524.02632,-32,$318004,$216239,-33.87226989,5,3,High Income,Red
Dodge,Ram Van,25,1,60000.24,-40,$360002,$214287,-40.47632936,5,3,Low Income,Black
Audi,A6,65,1.031746032,24830.46032,-15,$252006,$213316,-24.86333408,8,7,High Income,Black
Dodge,Ram Van,26,1.083333333,65148.16667,-12,$241000,$213212,-40.77444444,2,2,High Income,Black
Mercury,Grand Marquis,1,1,71000,200,$71000,$213000,,1,3,Medium Income,Red
Acura,RL,64,1.032258065,27330.83871,-44,$375002,$211814,41.20839194,11,6,Low Income,Red
BMW,528i,65,1,25961.8,-36,$332001,$210940,-32.6081053,7,4,Low Income,Black
Mercedes-B,S-Class,36,1,46721.08333,-14,$245600,$210245,-48.75235525,4,3,High Income,Black
Chevrolet,Lumina,58,1,28758.81034,-35,$322004,$208501,595.0033333,10,6,Low Income,Black
Volvo,C70,69,1.061538462,24538.69231,-36,$327004,$208045,-40.21781296,9,6,Low Income,Black
Saab,Aero,1,1,69000,,,$207000,,,,Medium Income,Pale White
Volvo,C70,55,1,27530.41818,-14,$240053,$206478,-12.86230355,5,4,High Income,Black
Oldsmobile,Silhouette,84,1.012048193,19837.0241,-25,$275106,$205809,-24.34994523,13,10,High Income,Pale White
Mitsubishi,Galant,41,1.051282051,40205.38462,-54,$444004,$204523,-9.404885828,10,5,Low Income,Pale White
Pontiac,Sunfire,38,1.027027027,44162.40541,-5,$215001,$204251,-54.76198386,3,3,Low Income,Red
Nissan,Frontier,28,1,53018.03571,-58,$477502,$202433,-49.07371535,8,3,Low Income,Black
Lexus,LS400,27,1.038461538,53250.30769,-11,$221002,$197787,11.7440678,5,4,Medium Income,Black
Ford,Ranger,45,1.022727273,35954.84091,-28,$273851,$197752,-42.38901804,4,3,High Income,Black
Pontiac,Sunfire,35,1.060606061,45794.15152,-43,$345803,$197114,-42.78274954,5,3,High Income,Red
Acura,RL,69,1.045454545,23710.90909,-52,$409304,$195615,-41.25763877,14,7,Low Income,Pale White
Plymouth,Prowler,46,1.022222222,34251.37778,-53,$409700,$192664,-15.72114102,6,3,High Income,Pale White
Oldsmobile,Intrigue,37,1.027777778,42725.25,-25,$256651,$192264,-4.347220426,5,4,High Income,Pale White
Cadillac,Escalade,52,1.06122449,31275.71429,-5,$202001,$191564,-20.84132231,6,6,Low Income,Black
Pontiac,Grand Prix,38,1.027027027,39432.7027,-57,$440003,$190306,23.17381005,8,3,Low Income,Pale White
Honda,Accord,35,1.029411765,44406.14706,-37,$301203,$188726,-41.67058154,5,3,High Income,Black
Lincoln,Continental,33,1,45560.87879,-46,$347502,$187939,-1.085778044,4,2,Low Income,Pale White
Nissan,Frontier,78,1.012987013,19306.74026,-36,$290002,$185827,-27.41189522,8,5,Low Income,Pale White
Oldsmobile,Silhouette,60,1.016949153,23093.35593,-32,$273003,$185797,22.63747434,6,4,Low Income,Red
Toyota,Tacoma,3,1,82000.66667,12,$164002,$184502,,2,2,High Income,Red
Chevrolet,Cavalier,69,1,20391.55072,8,$170505,$183524,-20.89619144,5,5,Low Income,Pale White
Chevrolet,Prizm,58,1.054545455,26635.96364,-40,$304604,$183122,-12.17380878,11,7,High Income,Pale White
BMW,328i,56,1.037037037,27080.7963,-28,$254602,$182795,15.91092116,7,5,High Income,Black
Mercury,Cougar,47,1,31074.74468,3,$177001,$182564,-4.416753927,5,5,Low Income,Black
Mitsubishi,3000GT,65,1.031746032,21190.69841,-33,$273002,$182047,82.04335913,11,7,Low Income,Red
Honda,Civic,31,1.033333333,44483.53333,323,$43001,$181978,-47.17635072,1,4,Low Income,Black
Mercury,Sable,39,1.026315789,38239.71053,-59,$443504,$181639,1.701567749,9,4,High Income,Pale White
Toyota,RAV4,25,1.041666667,52937.75,-42,$311000,$181501,-54.05072873,4,2,Low Income,Black
Mercury,Sable,37,1,35919.2973,-49,$357002,$181229,74.2569783,5,3,Low Income,Pale White
Mitsubishi,Montero Sport,33,1,43706.33333,1,$178000,$180289,-62.58819184,4,4,High Income,Black
Chevrolet,Metro,92,1.057471264,16574.94253,-39,$294003,$180253,2.414149678,13,8,Low Income,Pale White
Nissan,Maxima,43,1.075,35909.075,41,$127501,$179545,-63.2724156,3,4,High Income,Pale White
Subaru,Forester,65,1.048387097,23089,-33,$265503,$178940,-37.43444148,9,6,Low Income,Black
Chevrolet,Malibu,29,1.035714286,50928.82143,-47,$336001,$178251,-46.94973869,3,2,Low Income,Red
Chrysler,LHS,61,1.016666667,23545.25,-20,$220853,$176589,-20.84831153,7,6,High Income,Pale White
Acura,RL,43,1.048780488,28548.95122,409,$34500,$175576,-22.89186257,,,High Income,Red
Volkswagen,Beetle,37,1,37913.83784,-3,$180002,$175352,-55.88695517,2,2,Low Income,Red
Mitsubishi,Galant,36,1,38865.52778,-37,$277401,$174895,-63.49532355,5,3,High Income,Pale White
Pontiac,Grand Prix,33,1,38833.57576,-55,$391304,$174751,-12.18586841,4,2,High Income,Pale White
Mercedes-B,M-Class,33,1,36768.45455,-38,$281353,$173337,-0.553636791,5,3,High Income,Pale White
Subaru,Outback,47,1,29479.2766,-47,$326503,$173191,-49.35994901,10,5,Low Income,Pale White
Saturn,SC,19,1,45553,29,$134003,$173101,-11.23025641,3,4,Low Income,Pale White
Pontiac,Grand Prix,33,1,41766.90909,-30,$245801,$172289,6.845891473,5,4,Low Income,Red
Mercury,Grand Marquis,55,1.018518519,25509.62963,-14,$200002,$172190,-20.56044585,8,7,Low Income,Pale White
Oldsmobile,Bravada,49,1.020833333,27481.45833,62,$106500,$172058,64.33114936,4,6,High Income,Black
Buick,Park Avenue,32,1,41084.71875,-4,$177804,$171484,-52.87658284,3,3,High Income,Black
Acura,Integra,29,1.074074074,48379.85185,-46,$315002,$170381,-36.89639336,5,3,Low Income,Black
Mercury,Cougar,43,1,31642.13953,-44,$302304,$170077,27.87648213,7,4,High Income,Black
Honda,Accord,70,1.060606061,20608.30303,-46,$314134,$170019,47.83875203,8,4,Low Income,Pale White
Dodge,Viper,44,1,30886.70455,-50,$338504,$169877,-63.23056411,10,5,Low Income,Pale White
Chrysler,300M,50,1,26040.24,31,$130001,$169828,-6.943561644,1,1,Low Income,Black
Plymouth,Voyager,12,1,75141.91667,-44,$300800,$169069,-24.85822222,3,2,High Income,Black
Mercury,Grand Marquis,19,1,71052.36842,19,$142000,$168749,,2,2,Low Income,Red
Dodge,Viper,38,1.055555556,34268.30556,0,$167601,$168226,-49.57284429,2,2,High Income,Red
Acura,TL,52,1.019607843,26378.68627,-37,$268003,$168164,-41.20201536,9,6,Low Income,Black
Mercury,Grand Marquis,61,1.016666667,22381.23333,-30,$241111,$167859,76.68810459,7,5,Low Income,Black
Saab,Aero,53,1.019230769,24672.26923,-26,$225002,$167342,-13.29474977,8,6,Low Income,Black
BMW,323i,67,1.046875,20859.64063,-28,$231004,$166877,-20.53551871,10,7,Low Income,Red
Acura,TL,50,1.111111111,28328.02222,-41,$280602,$166273,-19.90819015,3,2,High Income,Black
Mitsubishi,3000GT,65,1,20360.36923,-25,$221003,$165428,-28.66623258,9,7,Low Income,Pale White
Ford,Expedition,56,1.018181818,24042.10909,-57,$388607,$165290,-35.48399688,12,5,High Income,Black
Mitsubishi,Diamante,66,1.047619048,20957.38095,36,$121200,$165039,-27.00748328,4,5,High Income,Pale White
Chevrolet,Prizm,55,1.057692308,24280.98077,-42,$285001,$164688,30.44180778,10,6,High Income,Black
Infiniti,I30,35,1.060606061,36530.39394,-10,$183000,$164387,-13.02275132,4,4,Low Income,Pale White
Lincoln,Continental,43,1.023809524,30928.40476,-27,$222603,$162374,-13.94258033,5,4,High Income,Black
Dodge,Ram Wagon,54,1,22046.59259,-39,$264002,$162343,47.58052053,8,5,Low Income,Black
BMW,528i,47,1.02173913,25810,-4,$168300,$161899,-45.95349769,5,5,High Income,Black
Dodge,Durango,54,1,23963.2037,-32,$238005,$161752,18.49789747,7,5,Low Income,Pale White
Buick,Regal,30,1,43089.23333,-8,$176001,$161585,-39.311254,3,3,High Income,Pale White
Honda,Passport,47,1.044444444,23889.11111,-43,$282001,$161252,21.24119368,7,4,Low Income,Pale White
Plymouth,Prowler,44,1,29182.11364,36,$118003,$160502,19.77582424,4,5,Low Income,Pale White
Mercedes-B,SLK230,3,1,71000.33333,,,$159751,-25.00058685,,,Medium Income,Red
Nissan,Frontier,1,1,53001,,,$159003,,,,Medium Income,Black
Mercedes-B,M-Class,34,1.03030303,36909.36364,-40,$264002,$158871,93.74275923,6,4,Low Income,Pale White
Mercedes-B,SLK,2,1,26440.5,,,$158643,0,,,Medium Income,Black
Acura,RL,61,1.051724138,21864,-54,$342004,$158514,55.40435878,10,5,Low Income,Black
Pontiac,Firebird,27,1,43037.33333,-39,$258503,$158456,-38.58342183,3,2,Low Income,Black
Mercedes-B,SL-Class,52,1.019607843,24755.13725,-37,$250003,$157814,-30.0172059,8,5,Low Income,Pale White
Ford,Mustang,33,1.03125,34078.46875,-10,$174001,$155787,-68.9981055,5,4,Low Income,Red
Subaru,Forester,56,1.018181818,22577.52727,-13,$177702,$155221,-22.07859359,3,3,High Income,Black
Pontiac,Grand Am,62,1,20008.29032,-32,$227004,$155064,-28.21210817,9,6,Low Income,Pale White
Toyota,Camry,39,1.026315789,32389.84211,-37,$243303,$153852,-41.39016084,8,5,High Income,Black
Jaguar,S-Type,47,1.02173913,25636.15217,-18,$188004,$153817,-29.1988106,4,3,Low Income,Pale White
Chevrolet,Metro,38,1.055555556,32750.36111,-45,$279504,$153784,-0.785156225,7,4,Low Income,Black
Plymouth,Neon,45,1,26133.66667,-40,$255500,$153393,48.92379686,7,4,Low Income,Pale White
Saturn,LW,73,1.042857143,17528.78571,-26,$206506,$153377,-23.69341446,9,7,Low Income,Pale White
Toyota,Camry,37,1.027777778,32597.44444,32,$116000,$153066,-41.57875452,3,4,Low Income,Black
Saturn,SC,34,1.03030303,34000.24242,-7,$165003,$153001,-38.18191368,3,3,Low Income,Black
Buick,Regal,27,1,45204,-16,$181001,$152564,-55.77893526,3,3,Low Income,Pale White
Volvo,S40,42,1,27837.19048,45,$105500,$152499,-36.93332672,2,3,High Income,Pale White
Chevrolet,Malibu,16,1,60047.1875,,,$151698,-38.52158055,,,High Income,Red
Volvo,S40,40,1,29062.65,-54,$330502,$151631,-3.726349206,8,4,Low Income,Black
Cadillac,Seville,25,1.041666667,45998.33333,-32,$220504,$150540,-62.20019284,3,2,High Income,Black
Lincoln,Continental,14,1,82103.71429,-9,$164950,$149929,-39.05325203,2,2,High Income,Red
Cadillac,DeVille,26,1,40077.26923,-34,$226002,$148858,-9.784670582,5,3,Low Income,Red
Mitsubishi,Diamante,61,1.051724138,20400.24138,-51,$304204,$147902,-8.70472334,10,5,Low Income,Pale White
Saab,Aero,15,1,69000.13333,-46,$276001,$147857,-52.38099839,2,1,Low Income,Red
Ford,Focus,21,1,49264.52381,-40,$246301,$147794,-59.98028719,4,2,High Income,Black
Mercedes-B,E-Class,40,1.052631579,29684.36842,-50,$293001,$147131,36.23240741,8,4,Low Income,Pale White
Plymouth,Neon,44,1,25627.02273,43,$103100,$147077,22.30732129,2,3,High Income,Pale White
Saturn,LW,1,1,49000,200,$49000,$147000,,1,3,Medium Income,Red
Toyota,Sienna,57,1.036363636,20482.01818,-16,$175001,$146936,-12.53809524,7,6,Low Income,Black
Oldsmobile,Aurora,30,1.034482759,37111.65517,-35,$224401,$146760,-17.35648883,5,3,High Income,Red
Ford,Crown Victoria,50,1.063829787,24920.40426,-25,$196000,$146407,-24.33824973,6,4,Low Income,Pale White
Audi,A6,54,1.058823529,22887.45098,-13,$167901,$145908,-17.89175136,7,6,High Income,Pale White
Mitsubishi,3000GT,51,1.02,20382.26,-53,$307104,$145588,-16.11468345,11,5,High Income,Pale White
Saturn,SC,35,1.029411765,34188.38235,-12,$165500,$145301,-27.38653287,3,3,High Income,Black
Dodge,Durango,55,1.018518519,21427.12963,-15,$169250,$144633,-11.27027558,6,5,High Income,Black
Plymouth,Prowler,23,1.045454545,52454.63636,381,$30000,$144250,-57.82163743,1,5,Low Income,Red
Saturn,LS,2,1,24000,,,$144000,,,,Medium Income,Red
Chevrolet,Camaro,14,1,41100.42857,-13,$165101,$143852,,3,3,High Income,Black
Honda,Civic,30,1,35033.56667,-13,$165000,$143319,19.43150474,4,3,Low Income,Pale White
Mitsubishi,Montero Sport,34,1,33720.85294,48,$97001,$143314,-13.1440831,2,3,Low Income,Red
Acura,RL,49,1.042553191,24388.59574,-57,$329853,$143283,-39.48073122,11,5,High Income,Pale White
Mercury,Grand Marquis,16,1,71172.1875,100,$71000,$142344,-77.72394366,1,2,High Income,Red
Honda,Odyssey,28,1,40636,4,$136801,$142226,-34.15554414,4,4,High Income,Pale White
Toyota,RAV4,47,1,24144.91489,22,$115902,$141851,-33.65278928,2,2,High Income,Pale White
Mercedes-B,SLK230,41,1.025,27187.775,-41,$240504,$141849,125.1499952,9,5,Low Income,Pale White
Lincoln,Continental,19,1,54268.63158,-33,$211003,$140605,-48.49652565,4,3,High Income,Pale White
Cadillac,Eldorado,16,1,58500.125,65,$85001,$140400,-52.96482412,,,Medium Income,Black
Oldsmobile,Aurora,20,1,39750.2,18,$119001,$140295,-29.85320147,3,4,Low Income,Pale White
Porsche,Carrera Coupe,48,1.021276596,23840.61702,-47,$266502,$140064,22.86315789,7,4,Low Income,Pale White
Mercedes-B,SL-Class,27,1.038461538,39480.96154,-39,$228001,$139978,-18.14247787,6,4,Low Income,Black
Saab,Aero,48,1.021276596,23779.08511,-10,$154402,$139702,46.28328499,7,6,High Income,Black
Lincoln,Continental,13,1,82038.46154,-43,$246000,$139109,,3,2,Low Income,Red
Chevrolet,Corvette,18,1,43389.22222,,,$137825,-57.36272235,,,Low Income,Red
Subaru,Outback,37,1.088235294,32428.20588,-65,$396553,$137820,-55.20277715,6,2,High Income,Pale White
Chevrolet,Cavalier,56,1.037037037,20414.7963,-44,$244350,$137800,-40.84338953,9,5,High Income,Pale White
Plymouth,Prowler,24,1.043478261,43622,-13,$157500,$136814,6.057364341,3,3,High Income,Red
Mercury,Grand Marquis,47,1,21333.21277,9,$126001,$136727,18.83930744,2,2,High Income,Black
Nissan,Maxima,32,1,32515.90625,4,$130501,$135719,-54.76063493,3,3,Low Income,Pale White
Chevrolet,Camaro,24,1,41010.70833,227,$41001,$134217,8.787841945,,,Low Income,Black
Ford,Taurus,15,1,56566.8,-40,$224001,$133974,-75.32720814,,,Medium Income,Black
Saturn,SC,24,1,42635.79167,-56,$305253,$133469,-54.36988465,5,2,Low Income,Red
Pontiac,Sunfire,26,1,35603.38462,-33,$198381,$132241,15.49331447,4,3,High Income,Pale White
Audi,A8,1,1,44001,,,$132003,,,,Medium Income,Black
Saturn,LW,55,1.018518519,19467.77778,-20,$165153,$131408,-11.0605753,6,5,High Income,Pale White
Volvo,S40,32,1,32828.375,-34,$198402,$131314,33.99387755,6,4,High Income,Black
Chrysler,300M,51,1.040816327,20520.65306,-25,$176002,$131154,0.499609201,7,5,Low Income,Pale White
Oldsmobile,Silhouette,38,1.027027027,25792.16216,-31,$189502,$130133,-23.36191564,3,2,High Income,Red
Volvo,S70,37,1.027777778,25301.05556,3,$126831,$130120,-34.94097589,4,4,Low Income,Black
Chevrolet,Prizm,49,1,20357.34694,-3,$134502,$130110,-38.48285123,6,6,Low Income,Red
Saab,Aero,10,1,69130.5,-62,$345603,$129620,,5,2,High Income,Pale White
Buick,Regal,1,1,43000,,,$129000,,,,Medium Income,Red
Infiniti,I30,27,1,36555.81481,-34,$196002,$128740,14.94437599,4,3,Low Income,Black
Ford,Mustang,33,1.03125,30728.03125,83,$70101,$128256,-39.11185803,2,4,High Income,Pale White
Porsche,Carrera Cabrio,38,1,26987.05263,42,$90501,$128189,28.18771812,4,6,Low Income,Pale White
Plymouth,Breeze,38,1.117647059,27559.08824,-17,$154001,$127774,2.62724593,4,3,Low Income,Pale White
Buick,Park Avenue,26,1,37644.57692,-61,$325004,$127664,-39.78141613,5,2,Low Income,Black
Subaru,Forester,44,1,23091.11364,-27,$173002,$127001,-39.95309759,8,6,Low Income,Red
Volkswagen,Beetle,28,1,34750.17857,-6,$135001,$126914,-1.619342186,2,2,Low Income,Pale White
Porsche,Carrera Cabrio,36,1,28161.36111,-24,$166501,$126726,3.027593047,3,2,High Income,Pale White
Cadillac,Seville,22,1,44045.68182,44,$88001,$126392,-4.249935607,2,3,Low Income,Black
Ford,Mustang,32,1,30265.90625,-45,$229501,$126327,-43.35137511,5,3,Low Income,Pale White
Saab,Aero,14,1,69163,83,$69000,$126298,-38.98647343,1,2,High Income,Red
Mitsubishi,Eclipse,32,1.032258065,27097,-39,$206000,$126001,59.49291781,7,4,Low Income,Black
Lexus,LX470,25,1,38508.16,16,$108100,$125570,109.2763575,1,1,High Income,Pale White
Nissan,Pathfinder,47,1.02173913,21711.04348,71,$73001,$124839,-39.69188703,3,5,Low Income,Red
Lincoln,Town car,46,1.022222222,21249.2,-14,$145004,$124724,107.8664045,4,3,Low Income,Black
Nissan,Frontier,18,1,53100.33333,134,$53200,$124670,-21.59218123,1,2,High Income,Black
Dodge,Ram Pickup,23,1,43319.78261,6,$117401,$124544,-64.74358249,3,3,High Income,Red
Nissan,Frontier,54,1.018867925,18717.13208,-19,$153001,$124001,-56.53708513,5,4,High Income,Pale White
Pontiac,Firebird,22,1,43172.86364,-4,$129000,$123887,-4.520161539,2,2,High Income,Black
Toyota,RAV4,19,1.055555556,55050.38889,46,$85000,$123863,,1,1,High Income,Black
Volvo,S70,34,1,25485.55882,-3,$128002,$123787,34.18354074,2,2,Low Income,Pale White
Oldsmobile,Cutlass,32,1.032258065,30600.19355,-51,$250100,$123731,-8.349444086,7,3,Low Income,Red
Toyota,RAV4,38,1.027027027,24500.27027,-25,$164001,$123615,-1.503561696,4,3,Low Income,Pale White
Chevrolet,Metro,63,1.016129032,15934.09677,-23,$159703,$123489,-8.8655518,7,5,High Income,Pale White
Oldsmobile,Aurora,22,1,43004.72727,263,$34000,$123405,-22.01895735,1,4,High Income,Pale White
Volvo,C70,29,1,34041.62069,3,$120201,$123401,28.20616714,4,4,Low Income,Pale White
Saab,SportCombi,1,1,41000,,,$123000,,,,Medium Income,Black
Jaguar,S-Type,26,1.04,34360.28,-7,$132500,$122715,-38.02366631,4,4,Low Income,Red
Volkswagen,Beetle,27,1,36335.44444,9,$112000,$122632,-54.83167587,1,1,High Income,Red
Pontiac,Grand Am,44,1,20437.75,-15,$144452,$122627,9.292252297,7,6,High Income,Pale White
Dodge,Stratus,32,1.032258065,31645.3871,-21,$155502,$122626,-57.75203013,5,4,Low Income,Red
Volvo,V70,23,1,39022.08696,5,$117002,$122387,3.280168776,2,2,Low Income,Black
Pontiac,Grand Prix,28,1,33478.92857,110,$58102,$122271,-23.96176664,3,6,High Income,Red
Plymouth,Breeze,38,1.055555556,24873.94444,16,$105502,$122108,-52.19886475,3,3,High Income,Pale White
Honda,Odyssey,30,1,32400.33333,-44,$216003,$121501,49.99938272,4,2,Low Income,Pale White
Acura,RL,44,1.023255814,21651.51163,-13,$139701,$121437,-38.90146713,5,4,High Income,Black
Honda,CR-V,43,1.023809524,21190.78571,-44,$217006,$121365,-8.058907752,6,3,Low Income,Pale White
Jeep,Wrangler,50,1,18540.18,-49,$236503,$120914,-19.39066667,10,5,Low Income,Pale White
Cadillac,DeVille,18,1,53566.94444,-13,$138500,$120526,-64.47867117,2,2,High Income,Red
Volkswagen,GTI,39,1,23660.38462,-13,$139101,$120359,-38.15088309,5,4,High Income,Pale White
Nissan,Pathfinder,3,1,53333.66667,74,$69001,$120001,,1,2,Medium Income,Black
Dodge,Durango,43,1.023809524,21859.47619,-6,$127000,$119752,-52.19538289,5,5,Low Income,Black
Lexus,GS400,42,1.024390244,21305.21951,-51,$243004,$119116,41.79969763,5,2,Low Income,Black
Volkswagen,Jetta,24,1.043478261,39695.86957,11,$107000,$119088,4.462241559,2,2,Medium Income,Pale White
Volvo,S40,42,1,21666.83333,-20,$148001,$118697,24.94421053,5,4,Low Income,Red
Cadillac,Eldorado,28,1,32439.5,20,$99100,$118475,-15.52705131,3,4,High Income,Red
Honda,Civic,21,1,43185.90476,-9,$129600,$118292,-8.300775194,2,2,High Income,Black
Chevrolet,Lumina,30,1.034482759,32624.48276,-25,$157001,$118264,-37.42711717,5,4,High Income,Black
Jaguar,S-Type,36,1.058823529,26646.64706,-21,$150001,$118172,15.28863133,1,1,High Income,Pale White
Infiniti,I30,33,1.03125,29517.4375,-47,$224501,$118070,9.475109178,5,3,High Income,Pale White
Ford,Windstar,43,1,21783.90698,-32,$172900,$117089,-4.961770101,5,3,High Income,Pale White
Volkswagen,Golf,44,1,21250.18182,-26,$159001,$116876,-15.30786009,4,3,Low Income,Pale White
Lexus,GS400,32,1.032258065,30080.87097,-18,$143001,$116563,-43.2783455,4,3,Low Income,Pale White
Cadillac,DeVille,17,1,52441.41176,-68,$367003,$116283,-11.90681818,4,1,Low Income,Pale White
Mercedes-B,SLK230,12,1,71000.25,-18,$142001,$116182,-72.72723005,2,2,Low Income,Red
Mitsubishi,Montero Sport,27,1,34281.81481,-53,$245003,$115701,70.14352519,5,2,High Income,Red
Lexus,GS400,31,1,29809.80645,-26,$155900,$115513,-48.31702483,4,3,High Income,Pale White
Porsche,Boxter,2,1,19000,,,$114000,,,,Medium Income,Pale White
Cadillac,Eldorado,26,1,33558,22,$93000,$113805,-69.3458674,3,4,Low Income,Red
Mitsubishi,3000GT,44,1.047619048,21629.90476,-10,$126800,$113557,-25.70690219,6,5,High Income,Red
Audi,A4,28,1.037037037,28018.92593,-16,$135502,$113477,5.067404911,4,3,Low Income,Black
Volkswagen,GTI,36,1.028571429,25743.08571,-44,$200503,$112626,12.626,6,3,Low Income,Black
Dodge,Durango,43,1.023809524,21446.69048,-3,$115704,$112595,-24.43339306,3,3,High Income,Pale White
Oldsmobile,Cutlass,24,1,28136.875,,,$112548,30.86976744,,,High Income,Red
Mercedes-B,E-Class,31,1.033333333,30000.13333,20,$93502,$112501,-39.38523707,3,4,High Income,Pale White
Cadillac,Eldorado,35,1,24600.31429,-12,$127000,$112306,-24.11859299,1,1,Low Income,Pale White
Lexus,GS400,37,1,23267.97297,-27,$154101,$112293,-68.41292479,3,2,High Income,Black
Volkswagen,Golf,40,1,21350.325,-55,$248402,$111393,6.086550732,6,3,High Income,Pale White
Mercury,Villager,49,1.020833333,17728.3125,-18,$136102,$110995,-35.46839844,4,3,Low Income,Pale White
Mitsubishi,Eclipse,29,1,26555.37931,331,$25501,$110015,5.074401635,,,High Income,Black
Ford,Crown Victoria,29,1,29051.86207,89,$58000,$109892,-49.82100457,2,4,Low Income,Red
Buick,Park Avenue,13,1,53384.69231,29,$85001,$109579,-41.08655914,2,3,Medium Income,Pale White
Lincoln,Town car,35,1,24857.34286,-21,$138003,$108751,-51.66622222,5,4,Low Income,Pale White
Honda,Accord,44,1,19690.02273,78,$61000,$108295,-2.877052635,2,4,High Income,Pale White
Lexus,ES300,27,1,28000.44444,-36,$168003,$108002,5.882237603,4,3,Low Income,Black
Toyota,Tacoma,7,1,82000.28571,,,$107625,,,,Low Income,Red
Plymouth,Voyager,43,1,19988.60465,-45,$196504,$107439,-13.35564516,4,2,Low Income,Pale White
Ford,Windstar,40,1,21474,25,$86001,$107370,7.37,3,4,Low Income,Pale White
Mercedes-B,SLK230,11,1,71182.81818,50,$71000,$106774,-74.93568075,,,High Income,Red
Dodge,Ram Pickup,32,1.032258065,27258.32258,-13,$121502,$105626,-36.75127694,4,3,Medium Income,Pale White
Volvo,C70,6,1,82100.33333,,,$105558,,,,High Income,Red
Volkswagen,GTI,33,1,23454.78788,-40,$175004,$105547,-45.87333333,6,4,Low Income,Pale White
Dodge,Viper,27,1.038461538,32415.65385,29,$81500,$105351,-43.96253211,1,1,High Income,Pale White
Mercury,Mountaineer,40,1.081081081,22702.94595,-29,$147003,$105001,-28.57172011,6,4,Low Income,Pale White
Toyota,4Runner,1,1,35000,,,$105000,,,,High Income,Pale White
Toyota,4Runner,1,1,35000,,,$105000,,,,Medium Income,Pale White
Volkswagen,Golf,1,1,35000,200,$35000,$105000,,1,3,Medium Income,Red
Chevrolet,Monte Carlo,19,1,44066.05263,19,$88000,$104657,-40.78811881,1,1,Low Income,Black
Mercedes-B,SL-Class,34,1,24565.17647,-34,$157303,$104402,-36.84242366,3,2,High Income,Pale White
Saturn,SC,16,1,51984.5625,70,$61000,$103969,-52.5262211,1,2,High Income,Red
BMW,323i,37,1.027777778,20118.33333,-35,$158803,$103466,-30.32592593,5,3,High Income,Pale White
Dodge,Avenger,22,1,29727.54545,-15,$122001,$103264,-71.78625487,3,3,Low Income,Red
Chrysler,300M,29,1,26108.7931,-21,$130750,$103248,-20.88336488,5,4,High Income,Black
Dodge,Avenger,28,1,26893.14286,-51,$211001,$102683,-81.79398801,6,3,Low Income,Pale White
Toyota,Corolla,35,1,23457.4,-41,$174003,$102626,3.662626263,5,3,Low Income,Pale White
BMW,323i,42,1.024390244,19951.4878,-33,$152504,$102251,-45.61261669,6,4,Low Income,Pale White
Mercury,Villager,49,1,16667.95918,-9,$112002,$102091,-26.97457833,5,5,High Income,Pale White
Mercury,Grand Marquis,38,1.027027027,21127.35135,-45,$184201,$101962,5.383812388,6,3,High Income,Pale White
Chevrolet,Prizm,40,1,20211.525,-17,$121901,$101058,6.514750677,4,3,High Income,Red
Mercedes-B,S-Class,54,1.038461538,14856.05769,-63,$271004,$100763,39.94666741,13,5,Low Income,Pale White
Saturn,LW,13,1,49000.30769,105,$49000,$100580,-31.57823129,,,Low Income,Red
Dodge,Ram Van,44,1.023255814,17918.81395,-33,$151002,$100501,28.02675159,8,5,Low Income,Pale White
Ford,Mustang,21,1,34616.90476,-6,$105000,$99130,-57.63765732,2,2,High Income,Red
Cadillac,Escalade,19,1,38079.05263,-13,$114001,$98659,-13.45701754,2,2,Low Income,Pale White
Oldsmobile,Intrigue,19,1,36289.84211,-56,$222003,$98501,-71.44898551,4,2,Low Income,Red
Lincoln,Navigator,21,1,32714.47619,-1,$99000,$98143,-56.38108275,2,2,Low Income,Pale White
Toyota,Tacoma,17,1,46176.58824,-7,$106001,$98125,-58.42161017,2,2,Medium Income,Pale White
Volkswagen,Passat,55,1,14272.50909,-1,$99501,$98124,-0.885849638,4,4,Low Income,Black
Infiniti,I30,25,1,30032.04,-46,$182800,$97931,-28.25567766,5,3,High Income,Black
Subaru,Outback,11,1,53395.63636,-14,$114100,$97892,-33.40680272,2,2,High Income,Red
Lincoln,Town car,37,1,21073.18919,-51,$199353,$97464,-46.69787588,8,4,High Income,Black
Chrysler,300M,36,1,20657.25,-20,$120502,$96999,60.32892562,2,2,High Income,Pale White
Dodge,Ram Pickup,40,1.025641026,19884.89744,-12,$110502,$96939,13.37894737,3,3,Low Income,Black
Jeep,Wrangler,34,1,18974.64706,0,$96552,$96771,-22.03934648,3,3,High Income,Pale White
Dodge,Viper,26,1,26038.76923,-47,$182002,$96715,-50.40307279,2,1,Low Income,Black
Mercedes-B,CL500,36,1.028571429,22088.77143,-12,$110002,$96638,45.32030075,2,2,Low Income,Black
Saab,Aero,7,1,69000.14286,-30,$138001,$96600,,2,1,Low Income,Pale White
Ford,Explorer,18,1,41000.22222,-22,$123000,$96261,-21.73902439,3,2,Low Income,Red
Volvo,S40,31,1,21619.58065,56,$61200,$95744,-19.20337553,2,3,High Income,Red
Pontiac,Bonneville,42,1.024390244,18622.2439,-35,$147503,$95439,-4.56195438,6,4,Low Income,Pale White
Ford,Explorer,17,1,41141.47059,-23,$123901,$95373,-53.70287667,3,2,High Income,Red
BMW,528i,26,1,26865.57692,-30,$137000,$95251,,4,3,Low Income,Red
Mercedes-B,C-Class,51,1.040816327,15500.22449,-35,$145001,$94939,163.7194444,5,3,Low Income,Pale White
Porsche,Carrera Coupe,32,1,20703.375,43,$66001,$94644,70.52972973,2,3,Low Income,Red
Acura,TL,39,1.026315789,19079.23684,53,$62000,$94567,-51.77662645,2,3,High Income,Pale White
Mitsubishi,3000GT,21,1,33000.09524,142,$39000,$94500,-59.61538462,1,2,Low Income,Black
Mercedes-B,CL500,19,1.055555556,27889.27778,-44,$167002,$94126,-52.46161616,3,2,Low Income,Pale White
Jeep,Cherokee,23,1,31339.43478,-31,$136002,$94018,29.68,4,3,High Income,Pale White
Chrysler,Sebring Coupe,34,1,20264.94118,13,$83000,$93956,17.44206395,4,5,Low Income,Red
Mercedes-B,SLK,21,1,28333.47619,-22,$120501,$93948,-7.894117647,1,1,Medium Income,Pale White
Lexus,LS400,22,1,31295.59091,16,$81000,$93887,-25.48709931,1,1,Medium Income,Pale White
Plymouth,Neon,36,1.028571429,19585.82857,43,$65500,$93478,-45.81016922,4,6,Low Income,Black
Pontiac,Grand Am,32,1.032258065,23101.74194,-7,$100001,$93411,-37.726,3,3,Low Income,Red
Nissan,Pathfinder,14,1,35464.64286,-18,$113003,$93095,-5.964646465,1,1,Low Income,Black
Toyota,Camry,24,1,31000.25,50,$62000,$93001,-50,2,3,Low Income,Red
Toyota,Camry,2,1,31000,,,$93000,0,,,Medium Income,Red
Dodge,Intrepid,1,1,31000,,,$93000,,,,Medium Income,Red
Nissan,Xterra,1,1,31000,,,$93000,,,,Medium Income,Red
Acura,TL,40,1.025641026,18269.51282,-44,$165002,$92936,-2.175720767,8,5,Low Income,Pale White
Cadillac,Catera,12,1,59375.25,-29,$131000,$92935,-58.96963837,3,2,Medium Income,Pale White
Buick,Regal,39,1.026315789,19539.84211,-46,$171506,$92814,8.55184674,5,3,Low Income,Black
Dodge,Caravan,28,1,23192.32143,-21,$116881,$92769,-10.36811594,3,2,High Income,Black
Nissan,Pathfinder,34,1,21771.70588,45,$64000,$92530,-55.28374741,3,4,High Income,Red
Pontiac,Sunfire,41,1,18036.80488,-43,$162003,$92439,-36.02970181,8,5,Low Income,Black
Lincoln,Continental,3,1,82000.33333,-44,$164000,$92250,,2,1,Medium Income,Red
Saturn,SC,4,1,61000.25,,,$91500,-75,,,Medium Income,Red
Jeep,Grand Cherokee,34,1,20595.73529,-22,$117000,$91338,-38.49375766,5,4,Low Income,Pale White
Volvo,C70,23,1.045454545,33152.54545,-71,$318851,$91170,23.53156376,4,1,High Income,Pale White
Chevrolet,Prizm,29,1,24086.41379,-10,$101002,$91109,-38.64837747,3,3,Medium Income,Pale White
Plymouth,Voyager,32,1.103448276,22936.58621,-49,$178503,$90704,9.940244597,7,4,High Income,Pale White
Buick,Regal,7,1,43071.57143,,,$90450,-29.88372093,,,Low Income,Red
Audi,A8,13,1,44064.07692,-32,$132501,$90447,-31.48058363,1,1,Low Income,Black
Dodge,Ram Wagon,30,1.071428571,23641.35714,3,$88001,$90267,-31.61746324,4,4,High Income,Black
Volkswagen,Passat,40,1.052631579,16623.89474,-37,$142601,$90244,9.78188144,6,4,High Income,Black
Oldsmobile,Intrigue,17,1,37149.11765,-10,$99781,$90219,-60.75301794,2,2,High Income,Red
Saturn,SW,6,1,25000.16667,,,$90001,,,,Low Income,Red
Nissan,Altima,34,1.096774194,22235.70968,-37,$142003,$89910,8.585645101,5,3,Low Income,Pale White
Lexus,GS300,14,1,51178.64286,-12,$102000,$89563,-42.03154631,2,2,High Income,Black
Acura,Integra,15,1,43649.06667,98,$45000,$89282,-50.39916445,,,High Income,Black
Honda,Civic,22,1,29611.5,97,$45100,$88835,-50.91310955,1,2,High Income,Pale White
Chevrolet,Malibu,20,1,34050.3,-26,$120002,$88827,-35.6326087,4,3,Medium Income,Pale White
Dodge,Caravan,23,1,29466.21739,-36,$138701,$88399,,5,3,High Income,Pale White
Nissan,Xterra,45,1.022727273,15391.15909,67,$53000,$88332,-44.44598181,3,5,Low Income,Black
Lincoln,Navigator,37,1,19081.2973,-34,$133501,$88251,-42.13087127,5,3,Low Income,Black
Hyundai,Sonata,41,1.108108108,19067.75676,-27,$120001,$88188,-29.45129317,5,4,Low Income,Black
Volkswagen,Jetta,28,1.037037037,22815.03704,100,$44001,$88001,-33.33409089,,,Low Income,Black
Mercedes-B,CL500,29,1,22227.7931,-56,$200202,$87901,-21.23566308,6,3,High Income,Black
Dodge,Caravan,28,1.037037037,23854.03704,-24,$115002,$87826,27.28405797,4,3,Low Income,Black
Honda,CR-V,30,1.034482759,23096.86207,11,$78502,$87366,-31.63849765,3,3,High Income,Pale White
Mercury,Mystique,1,1,29000,,,$87000,0,,,Medium Income,Pale White
Volvo,S70,29,1,23939.96552,-11,$97000,$86782,-37.65750492,4,4,High Income,Black
Mercedes-B,SLK230,7,1,33000.71429,,,$86627,-12.50063129,,,Medium Income,Black
Dodge,Stratus,23,1,30117.73913,-27,$118501,$86589,-49.11856997,3,2,High Income,Red
Mitsubishi,Montero Sport,19,1,34931.68421,-48,$165701,$86570,-37.26811594,2,1,Medium Income,Pale White
Dodge,Ram Pickup,17,1.0625,43187.875,-10,$96001,$86376,-53.31052265,2,2,Low Income,Red
Honda,Civic,2,1,43000,,,$86000,-33.33333333,,,Medium Income,Black
Chevrolet,Metro,22,1,31245.68182,-45,$157003,$85926,38.59032258,4,2,High Income,Black
Acura,TL,27,1,25333.66667,-13,$98002,$85501,-53.78349306,3,3,Low Income,Red
Nissan,Pathfinder,16,1,42661.5,288,$22000,$85323,-79.39057971,1,4,High Income,Black
Chevrolet,Monte Carlo,29,1.035714286,23357.46429,-53,$180004,$85306,-38.18405797,5,2,Low Income,Pale White
Toyota,Sienna,35,1.060606061,19766.93939,-9,$93502,$85084,-45.92863271,1,1,High Income,Black
Lincoln,Town car,25,1,25943,-50,$168902,$84597,131.766253,6,3,High Income,Pale White
Honda,CR-V,20,1,31000.3,-32,$124001,$84546,-69.69677419,4,3,Low Income,Black
Jaguar,S-Type,30,1,19716.9,-2,$86001,$84501,-17.15669454,4,4,Low Income,Black
BMW,328i,18,1.058823529,37823.88235,-20,$105000,$83870,55.30906263,1,1,Medium Income,Black
Cadillac,Escalade,19,1,29421.42105,-60,$210504,$83851,-7.604240127,7,3,Medium Income,Black
Toyota,Camry,17,1.0625,33174.75,-11,$93991,$83810,-10.17341536,2,2,High Income,Red
Volvo,S80,29,1.035714286,22946.64286,-53,$180003,$83805,21.45652174,4,2,Low Income,Pale White
Ford,Crown Victoria,21,1,29237.42857,182,$29700,$83725,-52.29426278,1,3,High Income,Red
Nissan,Quest,30,1,21366.83333,-22,$107001,$83609,24.78768974,3,2,Low Income,Black
BMW,328i,14,1,29786.07143,-1,$84002,$83401,32.37623605,3,3,Low Income,Pale White
Chevrolet,Corvette,22,1.1,33275.2,-12,$94500,$83188,23.24148148,3,3,Medium Income,Pale White
Pontiac,Bonneville,34,1.03030303,18432.21212,-5,$87001,$82945,-64.44020493,4,4,Low Income,Red
Honda,Passport,28,1,23628.78571,-39,$135002,$82701,-23.63711911,5,3,High Income,Pale White
Mercury,Mountaineer,30,1,21100.23333,-2,$84100,$82566,-74.0852338,3,3,High Income,Pale White
Dodge,Ram Van,23,1,28648,65,$50000,$82363,-32.21152263,2,3,Low Income,Red
Cadillac,Eldorado,24,1,26260.58333,216,$26000,$82207,-52.50922872,1,3,High Income,Pale White
Toyota,Tacoma,3,1,82166.66667,,,$82167,,,,Medium Income,Red
BMW,323i,34,1.03030303,19898.66667,125,$36500,$82082,-29.24026517,1,2,High Income,Red
Chrysler,Concorde,43,1,15221.11628,-9,$90001,$81814,-43.18511677,4,4,Low Income,Black
Volkswagen,Golf,17,1,32059.05882,134,$35000,$81751,-22.14190476,,,Low Income,Red
Lexus,ES300,22,1,27022.90909,0,$81001,$81069,0.085185185,3,3,Low Income,Pale White
Toyota,Corolla,22,1,25759.40909,458,$14501,$80958,-64.42235435,1,6,High Income,Red
Dodge,Avenger,21,1,29450.19048,267,$22000,$80668,-48.78222222,1,4,High Income,Red
Cadillac,Escalade,14,1,38091.92857,5,$76001,$79993,-53.42528762,2,2,High Income,Pale White
Toyota,RAV4,8,1,56500.125,,,$79765,-5.045057915,,,Medium Income,Black
Chrysler,LHS,19,1,32137.31579,15,$69002,$79645,-49.04448411,2,2,Medium Income,Black
Oldsmobile,Silhouette,11,1,53091.27273,-56,$180000,$79637,-55.75795959,2,1,Medium Income,Black
Hyundai,Sonata,35,1,18145.97143,-2,$81001,$79389,-47.44295049,3,3,High Income,Black
Ford,Explorer,24,1.043478261,22978.3913,-28,$110001,$79275,17.44444444,4,3,Low Income,Black
Dodge,Caravan,19,1,30579.21053,-55,$176001,$79228,-38.58294574,4,2,Low Income,Pale White
Infiniti,I30,29,1,21734.58621,-47,$149801,$78788,-15.28172043,5,3,Low Income,Red
Chrysler,Sebring Coupe,17,1.0625,35843.9375,-65,$226501,$78205,-43.32971014,4,1,Medium Income,Pale White
Lexus,ES300,23,1,27185.08696,-52,$163600,$78157,-51.95571593,4,2,High Income,Pale White
Cadillac,DeVille,4,1,45500.5,,,$78001,18.17796161,,,Medium Income,Pale White
Volvo,S70,24,1.043478261,27087.21739,88,$41500,$77876,-23.04819122,2,4,High Income,Pale White
Jeep,Cherokee,19,1.055555556,33166.94444,113,$36500,$77870,,1,2,Low Income,Pale White
Mercedes-B,C-Class,43,1,14471.16279,34,$58201,$77783,4.195523168,2,3,High Income,Pale White
Mitsubishi,Diamante,34,1.0625,19387.75,-51,$157002,$77551,-36.33079645,6,3,Low Income,Red
Dodge,Ram Pickup,30,1.034482759,20379.44828,-20,$96102,$77087,-32.90948651,5,4,High Income,Black
Lincoln,Navigator,32,1,19223.75,0,$77002,$76895,-11.4653495,3,3,High Income,Black
Mitsubishi,3000GT,16,1,35187.5625,-20,$96500,$76773,-55.1821366,,,High Income,Black
Oldsmobile,Cutlass,5,1,30600,,,$76500,-54.46428571,,,Medium Income,Red
Honda,Passport,24,1,23375.04167,59,$48000,$76500,-22.72727273,2,3,Low Income,Black
Saab,Aero,7,1,69000.28571,-45,$138000,$76263,,2,1,Medium Income,Red
Mercedes-B,SLK230,19,1.117647059,32606.29412,440,$14000,$75587,76.8034244,1,5,High Income,Pale White
Plymouth,Neon,30,1,19199.5,12,$67101,$75128,,2,2,High Income,Black
Acura,TL,24,1,23975.29167,-37,$118752,$75053,-65.54087868,3,2,High Income,Red
Nissan,Sentra,1,1,25000,,,$75000,,,,High Income,Pale White
Nissan,Sentra,1,1,25000,,,$75000,,,,Low Income,Pale White
Jeep,Grand Cherokee,30,1,18280.3,22,$61101,$74783,-33.35026693,2,2,High Income,Pale White
Chevrolet,Monte Carlo,13,1,44038.76923,-15,$88000,$74674,-62.28623953,2,2,High Income,Black
Ford,Crown Victoria,26,1,22950.38462,-56,$168701,$74589,-46.57024971,4,2,High Income,Pale White
Subaru,Forester,24,1,22781.54167,-18,$90901,$74558,-6.042619687,3,2,High Income,Red
Porsche,Carrera Coupe,23,1,23661.08696,-8,$81000,$74210,-57.01783346,2,2,High Income,Pale White
Audi,A4,20,1.052631579,28587.10526,37,$54000,$74067,-40.18509695,1,1,High Income,Black
Volkswagen,Jetta,13,1,32230.76923,,,$73941,-63.07565543,,,Medium Income,Red
Acura,TL,16,1,26062.75,-12,$84001,$73589,-12.39717629,,,Medium Income,Black
Ford,Focus,29,1,19431.2069,116,$34000,$73501,18.07010217,2,4,Low Income,Red
Toyota,Corolla,22,1,25472.95455,16,$63000,$73096,74.02566483,1,1,High Income,Pale White
Lexus,GS300,10,1,51050.4,43,$51001,$72929,,1,1,Low Income,Black
BMW,528i,15,1,37233.46667,160,$28000,$72848,-68.04912281,1,3,Medium Income,Pale White
Volkswagen,Cabrio,36,1,16162.72222,-50,$145252,$72732,51.525,6,3,High Income,Black
Volvo,S40,16,1,34819.0625,102,$36001,$72666,-21.99033816,1,2,Medium Income,Black
Nissan,Quest,27,1,20615.14815,282,$19000,$72601,97.54299086,1,4,High Income,Black
Dodge,Ram Van,14,1,27643.28571,282,$19000,$72564,-21.97671043,1,4,High Income,Red
Toyota,Corolla,20,1,28875.35,416,$14000,$72188,71.86391448,1,5,Low Income,Red
Volkswagen,GTI,22,1,25097.09091,-28,$100501,$72018,-4.08087158,3,2,High Income,Black
Volkswagen,Passat,22,1,22909.40909,-57,$169003,$72001,-22.57956989,4,2,Medium Income,Pale White
Jeep,Wrangler,4,1,60000.5,,,$72001,-60.00011111,,,Low Income,Black
Pontiac,Bonneville,16,1,32875.375,-50,$144001,$71728,117.3575758,3,1,Low Income,Black
Volkswagen,Cabrio,34,1.0625,17000.25,-26,$96001,$70958,-40.86981159,6,4,Low Income,Black
Nissan,Altima,28,1.037037037,21005.81481,-56,$161951,$70895,-12.5853863,5,2,High Income,Pale White
Volvo,S80,24,1,21625.20833,-24,$93100,$70773,-15.94755407,2,2,High Income,Pale White
Lexus,GS300,6,1,51000,,,$70615,-30.76960784,,,Medium Income,Black
Lincoln,Navigator,17,1,33159.05882,114,$33000,$70463,-52.5508074,1,2,High Income,Pale White
Saturn,LW,10,1,49190.6,42,$49500,$70272,-52.43954437,1,1,High Income,Red
Pontiac,Bonneville,13,1,36015.69231,-35,$108000,$70231,,1,1,High Income,Black
Buick,Park Avenue,18,1,28608.55556,-39,$114200,$70221,-32.73850575,1,1,High Income,Red
Buick,Regal,28,1,19198.46429,-8,$76601,$70116,-27.34168558,2,2,High Income,Black
Ford,F-Series,14,1,30000.21429,84,$38000,$70001,-61.11055556,1,2,Low Income,Black
Mercury,Cougar,17,1,26000.35294,-45,$128002,$69790,-52.03436426,2,1,High Income,Pale White
Chevrolet,Corvette,13,1,42830.92308,-23,$90500,$69600,-71.0003625,2,2,High Income,Red
Dodge,Dakota,24,1.043478261,21130.69565,-53,$147002,$69429,10.19951431,4,2,Low Income,Pale White
Jaguar,S-Type,14,1,29686,,,$69267,-47.28659163,,,High Income,Red
Pontiac,Bonneville,31,1.033333333,16846.96667,1,$68500,$68919,-17.26609205,3,3,High Income,Red
Pontiac,Bonneville,30,1,18278.53333,-2,$69951,$68545,-21.55078684,2,2,High Income,Pale White
Chevrolet,Monte Carlo,26,1,19307.88462,80,$38001,$68455,14.09166667,2,4,Low Income,Red
Subaru,Outback,18,1,30416.88889,-58,$163502,$68438,20.0603477,3,1,Medium Income,Pale White
Plymouth,Breeze,7,1,39100.42857,,,$68426,-80.60520513,,,High Income,Red
Mercedes-B,CL500,18,1,29000.05556,-41,$116000,$68087,-60.87021488,4,2,Low Income,Red
Subaru,Forester,23,1,22652.34783,-38,$109501,$67957,-18.12606925,3,2,Low Income,Pale White
Plymouth,Voyager,28,1,18571.64286,-6,$72000,$67827,-43.4775,4,4,Low Income,Red
Dodge,Viper,14,1,33893.14286,-35,$105001,$67786,-37.23634748,1,1,Medium Income,Red
Volkswagen,Cabrio,29,1,18672.72414,-20,$85003,$67689,-46.59729235,3,2,Low Income,Pale White
Mitsubishi,Diamante,30,1,18040.23333,464,$12000,$67651,-64.1492936,1,6,High Income,Red
Saturn,SW,15,1,36000.33333,-62,$180002,$67501,-37.50023148,4,2,Low Income,Black
Toyota,Land Cruiser,13,1,24200.23077,,,$67415,48.16157887,,,High Income,Pale White
Plymouth,Voyager,26,1,18884.80769,65,$40500,$66955,-44.20416667,1,2,High Income,Red
Volvo,S40,17,1,28764.82353,-12,$76000,$66682,30.74901961,2,2,Medium Income,Pale White
Mercury,Villager,22,1,24227.59091,-34,$100501,$66626,-49.52690469,4,3,Low Income,Black
Pontiac,Sunfire,12,1.090909091,40136.72727,-23,$86000,$66226,-48.6620155,2,2,Medium Income,Pale White
Chevrolet,Lumina,13,1,32230.84615,56,$42500,$66158,-28.86236559,1,2,Medium Income,Black
Ford,Expedition,1,1,22001,,,$66003,0,,,Medium Income,Pale White
Porsche,Carrera Cabrio,1,1,22000,,,$66000,,,,Medium Income,Black
Ford,Taurus,1,1,22000,,,$66000,0,,,Medium Income,Pale White
Pontiac,Grand Prix,10,1,35150.2,247,$19001,$65907,-28.55609756,1,3,Medium Income,Pale White
Chevrolet,Monte Carlo,24,1,19921.16667,-19,$80800,$65197,,3,2,High Income,Red
Dodge,Viper,19,1,26079.21053,-38,$104501,$64631,23.10432182,2,1,High Income,Black
Saab,SportCombi,16,1,28115.8125,130,$28000,$64265,-67.29549826,,,High Income,Pale White
Dodge,Dakota,24,1,19612.79167,-39,$106002,$64187,18.86261366,5,3,High Income,Pale White
Audi,A8,10,1,44160.1,-28,$88100,$63086,-52.47830541,1,1,High Income,Black
Hyundai,Sonata,22,1,21022.90909,-50,$126501,$63069,-33.26031746,4,2,Low Income,Red
Ford,Focus,6,1,49000.5,,,$63001,-57.14217687,,,Medium Income,Black
Jeep,Grand Cherokee,1,1,21000,,,$63000,,,,Medium Income,Red
Infiniti,I30,11,1,36273,-10,$70002,$63000,,2,2,Medium Income,Black
Volvo,S70,1,1,21000,,,$63000,,,,Medium Income,Red
Saturn,SW,20,1,25190.2,26,$50000,$62976,-44.6121372,2,3,High Income,Red
Lexus,LX470,19,1,22026.57895,-29,$88000,$62776,-4.886289602,4,3,Low Income,Black
Toyota,4Runner,19,1,25263.47368,-38,$101001,$62609,-45.79401222,2,1,Low Income,Black
Nissan,Quest,13,1,32019.30769,-3,$64250,$62438,-56.64027778,2,2,Low Income,Pale White
Ford,Windstar,12,1,31204.41667,,,$62409,-55.31105892,,,High Income,Red
Honda,Accord,24,1,19021.04167,-51,$127001,$62251,-3.486821705,7,3,Medium Income,Pale White
Volkswagen,Golf,13,1,33507.84615,76,$35400,$62229,-52.16906735,1,2,High Income,Red
Mitsubishi,Montero Sport,9,1,43722.55556,-52,$129501,$62132,-28.58472891,1,0,Medium Income,Black
Volkswagen,Beetle,8,1,36125.25,-6,$66000,$61929,-68.72320116,,,High Income,Pale White
Oldsmobile,Bravada,15,1.071428571,20500.28571,310,$15001,$61501,-37.24451791,,,Low Income,Pale White
Volvo,C70,5,1,82000.4,-25,$82000,$61500,-75.00030487,1,1,Low Income,Red
Dodge,Stratus,15,1,31406.93333,-10,$68000,$61448,-77.97610087,1,1,Low Income,Pale White
Volvo,V70,12,1.090909091,42691.18182,-48,$117801,$61253,,2,1,High Income,Black
Saturn,SC,6,1,61216.83333,-67,$183700,$61217,,3,1,High Income,Pale White
Volkswagen,Beetle,13,1,37615.69231,-7,$66001,$61126,,2,2,Medium Income,Red
Honda,CR-V,15,1,31194.13333,-2,$62501,$61032,-67.24521011,2,2,High Income,Black
Cadillac,Catera,13,1,28100.15385,,,$60884,,,,High Income,Red
Nissan,Pathfinder,13,1.083333333,38791.83333,41,$43000,$60718,-73.01458203,2,3,Medium Income,Pale White
Mercury,Cougar,13,1,24846.46154,21,$50001,$60563,-28.53923304,2,2,Low Income,Pale White
Saturn,LS,12,1,35291.75,-55,$134501,$60500,-32.77777778,4,2,Medium Income,Pale White
Cadillac,DeVille,7,1,48857.28571,-13,$69001,$60353,-8.556060606,1,1,Medium Income,Red
Volkswagen,Passat,31,1.033333333,16033.56667,13,$53000,$60126,-52.84346251,3,3,Low Income,Red
Buick,LeSabre,23,1,20022,0,$60000,$60066,-33.26148308,3,3,Low Income,Black
Hyundai,Elantra,19,1,24226.52632,127,$26500,$60040,-23.51689787,1,2,High Income,Pale White
Buick,LeSabre,1,1,20000,,,$60000,,,,Medium Income,Black
Nissan,Maxima,12,1,33333.41667,,,$60000,-60.6559957,,,Medium Income,Pale White
Chevrolet,Lumina,23,1,19935.04348,130,$26000,$59805,-47.54223462,1,2,Low Income,Pale White
Volvo,C70,16,1,27406.5,-62,$155501,$59796,66.1,4,2,Medium Income,Black
Mercedes-B,SL-Class,12,1,38167,-22,$76500,$59740,-47.59787023,1,1,High Income,Black
Toyota,Tacoma,11,1,36191.18182,,,$59715,-72.54520627,,,High Income,Black
Volkswagen,Passat,28,1,15639.46429,49,$40000,$59714,-33.09355742,1,1,High Income,Red
Jeep,Wrangler,25,1,15876.28,,,$59536,-0.149266247,,,High Income,Red
Mercedes-B,S-Class,11,1,37863.72727,-38,$96500,$59500,-30.40935673,3,2,Medium Income,Black
Lexus,GS300,8,1,22102.5,,,$58940,-42.58718099,,,High Income,Red
Pontiac,Sunfire,25,1,18067.36,-45,$108002,$58915,-27.2654321,6,3,High Income,Black
Mercedes-B,SLK230,13,1,33154.23077,75,$33501,$58773,-11.75357727,1,2,High Income,Black
Dodge,Durango,18,1.058823529,27647.41176,-30,$84001,$58751,-36.82688172,2,1,High Income,Red
Oldsmobile,Cutlass,11,1,40909.18182,-56,$133001,$58696,-79.82955326,2,1,Medium Income,Pale White
Ford,Expedition,21,1.05,21500.2,-57,$136002,$58637,-24.82435897,5,2,Medium Income,Black
Mitsubishi,3000GT,17,1,20647.35294,-47,$110001,$58501,-37.09569892,3,2,Medium Income,Pale White
Mercury,Sable,10,1,40934.1,49,$39340,$58477,-68.04535519,,,Medium Income,Pale White
Buick,Century,24,1,17029.375,14,$51002,$58386,-14.13823529,3,3,Low Income,Pale White
Infiniti,I30,11,1,26327.81818,-35,$88502,$57921,-12.6419619,1,1,Medium Income,Pale White
Volkswagen,Cabrio,24,1,18489.75,-2,$59101,$57881,-43.25392157,2,2,High Income,Pale White
Chrysler,Sebring Coupe,22,1,20159.68182,-7,$62100,$57850,1.49122807,2,2,High Income,Red
Chevrolet,Corvette,17,1,26017.88235,-26,$78001,$57692,,3,2,High Income,Black
Toyota,Camry,13,1,30923.15385,-1,$58000,$57429,-43.69816278,1,1,Medium Income,Black
Cadillac,Escalade,3,1,38000.33333,,,$57001,-49.99912281,,,Medium Income,Pale White
Chrysler,Concorde,1,1,19000,,,$57000,,,,Medium Income,Red
Jeep,Grand Cherokee,1,1,19000,,,$57000,,,,Medium Income,Black
Chrysler,300M,26,1,16057.88462,-49,$112502,$56933,-41.00207254,7,4,Low Income,Red
Porsche,Boxter,16,1,26000.125,-64,$156001,$56728,-27.27179487,5,2,Low Income,Black
Mercedes-B,S-Class,23,1,18869.78261,-38,$91000,$56609,-32.60833333,4,2,Low Income,Red
Chevrolet,Camaro,22,1,19691.27273,64,$34500,$56505,-9.231831909,2,3,High Income,Pale White
Oldsmobile,Intrigue,8,1,37562.5,-20,$70500,$56344,-65.53883792,1,1,Medium Income,Pale White
BMW,528i,15,1,27526.93333,94,$29000,$56305,-24.92666667,1,2,High Income,Red
Cadillac,Seville,19,1,20684.63158,-28,$78002,$56144,-14.93333333,2,1,Low Income,Pale White
Lexus,GS400,12,1,28000.25,,,$56001,-64.77968831,,,Medium Income,Pale White
Plymouth,Breeze,10,1,39000.2,43,$39000,$55715,-52.38034188,1,1,Low Income,Red
Chevrolet,Metro,6,1,37083.5,-25,$74000,$55625,,2,2,Low Income,Red
Mercury,Villager,16,1,24328.4375,-7,$60002,$55608,-34.38661491,3,3,High Income,Black
Nissan,Xterra,26,1.04,17655.32,58,$35000,$55173,-57.88320611,2,3,High Income,Black
Lexus,LX470,10,1,38400.2,266,$15000,$54857,21.90444444,1,4,Medium Income,Pale White
Dodge,Durango,16,1,21656.5,12,$49000,$54711,1.314790467,2,2,Medium Income,Pale White
Ford,Ranger,10,1,30950.3,-44,$97000,$54618,,1,1,Medium Income,Black
Ford,Crown Victoria,5,1,21800.4,172,$20001,$54501,,1,3,Medium Income,Pale White
Chrysler,300M,17,1,20264.88235,-48,$104500,$54395,-17.58333333,4,2,Medium Income,Pale White
Honda,Accord,8,1,43000.25,26,$43000,$54316,-57.89555282,,,Medium Income,Black
Jeep,Wrangler,25,1,16620.28,-23,$70002,$54197,-59.40299625,2,2,Low Income,Red
Dodge,Ram Van,22,1,19702.45455,-50,$108402,$54182,-60.73853467,3,1,High Income,Pale White
Mercedes-B,SLK230,12,1,33083.66667,-19,$66500,$54137,-45.31781865,2,2,Low Income,Black
Dodge,Caravan,18,1,21044.72222,42,$38000,$54115,-62.80756014,1,1,High Income,Red
Honda,Odyssey,9,1,30055.77778,,,$54100,-66.60493827,,,Medium Income,Pale White
Toyota,Tacoma,10,1,36040.2,-25,$72000,$54060,-49.94444444,2,2,Low Income,Black
Ford,Explorer,17,1,22242.70588,21,$44501,$54018,-45.43801703,,,High Income,Black
Lexus,RX300,1,1,18000,,,$54000,0,,,Medium Income,Black
Chrysler,Concorde,29,1.074074074,15270.62963,-26,$72804,$53779,-48.19028718,3,2,High Income,Black
Toyota,4Runner,14,1,25514.64286,4,$51601,$53581,-58.4001677,2,2,High Income,Black
Subaru,Forester,17,1.0625,23390.75,21,$44250,$53465,-51.39633825,2,2,Medium Income,Black
Mercedes-B,SLK,15,1,26138.06667,106,$26000,$53464,-32.05744059,1,2,Low Income,Black
Chevrolet,Cavalier,20,1,21350.25,-51,$109000,$53376,-36.45714286,4,2,Medium Income,Pale White
Nissan,Quest,10,1,32000.3,,,$53334,-44.44375,,,High Income,Pale White
Porsche,Carrera Coupe,16,1,22172.4375,142,$22001,$53214,-47.24915244,1,2,High Income,Red
Pontiac,Firebird,7,1,43000.28571,24,$43001,$53118,-58.82325581,1,1,Medium Income,Black
Buick,Park Avenue,13,1,29846.53846,16,$45500,$52910,-80.40392144,1,1,Low Income,Red
Toyota,4Runner,9,1,35111.22222,50,$35000,$52667,-49.84095238,1,2,Low Income,Red
Volkswagen,Jetta,19,1,22168.63158,-21,$66500,$52651,-60.33822976,2,2,High Income,Black
Toyota,Land Cruiser,19,1,21195.05263,-18,$64001,$52527,-58.80235294,2,2,High Income,Black
Dodge,Durango,13,1,26923.38462,,,$52501,-43.54731183,,,Low Income,Red
Nissan,Sentra,24,1,16021.125,64,$32000,$52433,-45.66641106,,,Low Income,Black
Mitsubishi,Montero,26,1,16019.34615,-46,$96000,$52063,8.464583333,6,3,Low Income,Black
Chrysler,Town & Country,10,1,34680.2,,,$52020,-58.71526868,,,High Income,Pale White
Chevrolet,Corvette,14,1,26000.35714,0,$52000,$52001,0.001923077,2,2,Low Income,Black
BMW,528i,17,1.0625,24844,-18,$63000,$51848,-17.7015873,3,2,Medium Income,Black
Ford,F-Series,15,1,25340.26667,-22,$66500,$51832,-22.29201961,1,1,High Income,Black
Acura,RL,17,1,23323.70588,-57,$120003,$51718,-65.69286899,4,2,Medium Income,Pale White
Dodge,Intrepid,10,1,31000.2,-17,$62000,$51667,-44.44408602,1,1,Low Income,Red
Subaru,Outback,6,1,54417,5,$49001,$51553,,,,Medium Income,Red
Mercury,Cougar,13,1,30369.30769,-44,$92001,$51496,-33.97948718,2,1,Medium Income,Black
Chevrolet,Monte Carlo,17,1,22173.64706,-57,$118900,$51403,7.987227159,3,1,High Income,Pale White
Oldsmobile,Silhouette,22,1,18659.22727,53,$33500,$51313,-13.39578059,2,3,Medium Income,Pale White
Toyota,Celica,19,1,20689.84211,-39,$84101,$51275,-35.50476718,2,1,Medium Income,Pale White
Saturn,LW,18,1,21778,-18,$62000,$51131,,4,3,Medium Income,Pale White
Oldsmobile,Aurora,10,1,37450.4,-12,$58002,$51069,-76.10829372,,,Medium Income,Red
Lexus,GS300,1,1,17000,,,$51000,0,,,Medium Income,Red
Mercedes-B,SL-Class,2,1,17000,,,$51000,,,,Medium Income,Red
Mercedes-B,E-Class,12,1,29708.33333,64,$31000,$50929,-72.83786667,1,2,Medium Income,Pale White
Plymouth,Neon,15,1.071428571,27857.35714,-33,$76001,$50870,-5.796296296,1,1,Medium Income,Pale White
Lexus,ES300,9,1,30122.33333,218,$16000,$50831,5.233629381,1,3,High Income,Black
Lincoln,Continental,7,1,38714.42857,-50,$102001,$50813,-27.9248227,2,1,Medium Income,Pale White
Chevrolet,Metro,25,1,16260.12,15,$44000,$50813,-46.22962963,2,2,Medium Income,Pale White
Ford,Explorer,11,1,35409.27273,-60,$126500,$50805,-5.921893228,3,1,Medium Income,Pale White
Toyota,Camry,12,1,31000.25,-45,$93001,$50728,,3,2,Low Income,Pale White
Chrysler,LHS,16,1,24250.1875,-38,$82002,$50609,-19.66952906,1,1,Medium Income,Pale White
Buick,Regal,7,1,43193.42857,-61,$129503,$50392,,,,High Income,Red
Mitsubishi,Montero,23,1,16057,3,$49101,$50361,-47.540625,1,1,High Income,Black
Chevrolet,Camaro,19,1,21079.21053,-39,$82501,$50063,-30.46805556,3,2,Low Income,Pale White
Saturn,SW,2,1,25001,,,$50002,,,,Medium Income,Pale White
Chrysler,Town & Country,19,1,21000.31579,47,$34001,$49876,-15.46583956,2,3,Low Income,Pale White
Toyota,Land Cruiser,19,1.055555556,22166.83333,-21,$63001,$49875,-20.83584648,1,1,Low Income,Black
Saab,SportCombi,13,1,28038.76923,-11,$56000,$49705,-41.35241646,2,2,Low Income,Pale White
Chrysler,Sebring Conv.,1,1,16500,,,$49500,,,,Medium Income,Black
Porsche,Boxter,23,1,17167.69565,-45,$90001,$49357,-68.66281912,4,2,High Income,Pale White
Nissan,Frontier,16,1,19500.125,,,$49263,-67.15865683,,,Medium Income,Pale White
Mercedes-B,S-Class,31,1.033333333,13131.93333,-3,$51002,$49245,7.754753725,4,4,High Income,Pale White
Mercury,Grand Marquis,10,1.111111111,36111.44444,-31,$71000,$48750,,1,1,Medium Income,Pale White
Acura,TL,14,1,17357.21429,-22,$62001,$48600,15.71428571,,,Medium Income,Pale White
Hyundai,Sonata,23,1,16891.6087,-63,$132003,$48563,-28.58592394,5,2,Low Income,Pale White
Hyundai,Elantra,15,1.153846154,27269.46154,-58,$114001,$48341,-26.75606061,2,1,Low Income,Pale White
Plymouth,Prowler,7,1,34510.14286,,,$48314,-70.85128205,,,Medium Income,Red
Toyota,Land Cruiser,17,1,20823.82353,-15,$57000,$48273,-75.05309995,2,2,Low Income,Pale White
Mitsubishi,3000GT,18,1,20361.33333,152,$19000,$47805,-45.52322998,1,3,Medium Income,Red
Saab,Aero,16,1.066666667,24366.93333,83,$26000,$47674,-66.71972077,1,2,Medium Income,Black
Audi,A6,15,1,21066.8,-28,$65501,$47400,-62.38095238,4,3,Medium Income,Pale White
Infiniti,I30,17,1,21368,2,$46500,$47381,-64.50941177,2,2,High Income,Red
Oldsmobile,Bravada,19,1,18267.68421,-12,$53500,$47330,-65.32727739,3,3,High Income,Red
Nissan,Maxima,9,1,26167.33333,,,$47101,-69.51431049,,,Low Income,Red
Porsche,Boxter,17,1,19323.76471,-51,$96001,$46929,-58.83421053,2,1,Low Income,Pale White
Pontiac,Sunfire,8,1,43000.25,9,$43000,$46909,,1,1,Medium Income,Red
Toyota,4Runner,8,1,35162.75,-33,$70001,$46884,-77.67428571,2,1,High Income,Red
Plymouth,Breeze,2,1,39000,,,$46800,,,,Medium Income,Red
Honda,Civic,10,1,31149.2,3,$45490,$46724,-37.70133333,,,Medium Income,Pale White
Jeep,Grand Cherokee,18,1.058823529,20147.29412,-39,$76001,$46705,-18.06140351,3,2,Low Income,Black
Toyota,Camry,8,1,31075.375,50,$31000,$46613,-49.88011139,,,High Income,Pale White
Acura,RL,12,1,28483.66667,50,$31000,$46610,-55.35568901,1,2,Medium Income,Red
Saab,SportCombi,3,1,41134,,,$46276,-62.37723577,,,High Income,Black
Hyundai,Elantra,14,1.076923077,23692.30769,5,$44000,$46200,-30,2,2,Low Income,Red
Mercedes-B,CLK Coupe,16,1.066666667,23466.93333,-30,$66000,$45914,-30.43649531,3,2,Low Income,Pale White
Porsche,Boxter,14,1,24036.07143,-52,$96503,$45887,,1,0,Low Income,Red
Honda,Passport,14,1,25100.35714,-5,$48501,$45835,-42.34736233,2,2,High Income,Black
Saturn,SC,4,1,61000,,,$45750,-75,,,Medium Income,Pale White
Chrysler,Concorde,9,1,37167,-25,$61002,$45614,-65.44446296,2,1,Medium Income,Pale White
Dodge,Caravan,16,1,20875.25,-57,$105001,$45546,-77.34063671,5,2,Low Income,Red
Dodge,Durango,17,1,20529.64706,-44,$81001,$45522,,3,2,Medium Income,Black
Mitsubishi,Galant,7,1,41143.14286,8,$42000,$45474,-63.90952381,,,Medium Income,Pale White
Ford,Mustang,12,1,27750.16667,-68,$143002,$45409,-31.19848485,3,1,Medium Income,Pale White
Mitsubishi,Eclipse,12,1,26416.91667,-13,$52000,$45286,-39.61866667,1,1,Medium Income,Black
Ford,Expedition,13,1,22038.69231,,,$45237,-31.45909091,,,Low Income,Red
Mitsubishi,Diamante,17,1,20367.82353,8,$42000,$45163,-56.57403846,2,2,Medium Income,Pale White
Mercedes-B,CL500,9,1,28366.88889,-23,$58401,$45053,-49.09265537,2,2,High Income,Pale White
Mercedes-B,C-Class,1,1,15001,,,$45003,,,,Medium Income,Red
Chevrolet,Corvette,7,1,45000.28571,,,$45000,-66.66691358,,,Medium Income,Red
Ford,Escort,1,1,15000,,,$45000,0,,,Medium Income,Pale White
Toyota,Land Cruiser,14,1,22500.07143,-6,$48000,$45000,-21.05263158,3,3,Low Income,Red
Ford,F-Series,22,1,13613.86364,-14,$52001,$44926,-34.88985507,3,3,Low Income,Pale White
Volvo,C70,2,1,82000.5,,,$44728,,,,Medium Income,Red
Jeep,Grand Cherokee,17,1.0625,22344,6,$42000,$44688,-52.71211191,2,2,Low Income,Red
Volvo,S80,10,1,25035.1,,,$44180,-41.09333333,,,Low Income,Red
Honda,CR-V,12,1.090909091,25318.36364,0,$44001,$43974,-62.41538462,1,1,Medium Income,Pale White
Lexus,GS300,6,1,17000.33333,157,$17000,$43715,,1,3,Low Income,Pale White
Oldsmobile,Bravada,13,1,25661.61538,-30,$62000,$43513,-33.46636086,2,1,Medium Income,Black
Buick,Park Avenue,2,1,29000.5,50,$29000,$43501,,1,2,Medium Income,Black
Ford,Expedition,15,1,22173.53333,-34,$66000,$43383,-34.27017363,3,2,High Income,Red
Buick,Regal,3,1,43333.33333,,,$43333,,,,Medium Income,Pale White
Toyota,Sienna,14,1,23693,12,$38700,$43265,-39.06423853,2,2,High Income,Pale White
Ford,Taurus,13,1,22038.53846,-2,$44000,$42975,-34.88636364,1,1,Low Income,Red
Jeep,Wrangler,5,1,60100,-28,$60000,$42929,-76.15055556,1,1,High Income,Black
Lexus,ES300,4,1,25000.25,168,$16000,$42858,,1,3,Medium Income,Black
Buick,LeSabre,17,1,20100.05882,-29,$60500,$42713,-64.40583333,2,1,High Income,Black
Chevrolet,Camaro,13,1,24077.07692,-13,$49001,$42682,-40.71944444,2,2,Low Income,Red
Lincoln,Continental,11,1,24545.90909,,,$42632,,,,Medium Income,Black
Pontiac,Grand Am,15,1.071428571,22311.07143,-25,$57001,$42594,-27.19347726,2,1,High Income,Red
Dodge,Stratus,9,1,29833.55556,,,$42395,-54.80373553,,,High Income,Pale White
Dodge,Avenger,11,1,26882.09091,88,$22500,$42243,-49.40958084,1,2,High Income,Pale White
Pontiac,Bonneville,7,1,36142.85714,,,$42167,-60.95648148,,,Medium Income,Black
BMW,328i,12,1,21041.66667,0,$42000,$42083,-33.2015873,2,2,Low Income,Red
Subaru,Forester,13,1,24811.76923,147,$17000,$42072,-46.06153846,1,2,High Income,Pale White
Saab,SportCombi,4,1,28000.25,50,$28000,$42000,,1,2,Medium Income,Pale White
Ford,Focus,17,1,19632.58824,74,$24000,$41719,-66.59219398,1,2,High Income,Red
Hyundai,Sonata,17,1,17994.23529,-46,$76801,$41714,-75.39040607,3,2,High Income,Pale White
Volkswagen,GTI,5,1,25000,-44,$75000,$41667,,1,1,Medium Income,Black
Oldsmobile,Bravada,18,1,17680.83333,-42,$72001,$41512,-47.78496138,4,2,Low Income,Red
Chevrolet,Prizm,15,1,18366.86667,158,$16001,$41325,-74.00976088,1,3,Medium Income,Black
Buick,Century,16,1,17097.3125,-20,$51001,$41034,-73.49276177,3,2,High Income,Pale White
Toyota,Corolla,4,1,41000.75,,,$41001,-66.66666667,,,Medium Income,Red
Hyundai,Accent,15,1,18167.66667,11,$36701,$40877,-24.72007366,2,2,High Income,Black
Volvo,S80,13,1,25138.92308,-46,$75101,$40851,-45.532,3,2,High Income,Red
Volkswagen,GTI,13,1,25123.23077,-18,$50000,$40825,-45.56884391,2,2,High Income,Red
Nissan,Pathfinder,14,1,23143.14286,-36,$63002,$40501,-74.03782051,2,1,Medium Income,Red
Mitsubishi,Diamante,10,1,21500,,,$40313,-38.91969697,,,Medium Income,Black
Toyota,RAV4,11,1,24327.54545,,,$40140,,,,Medium Income,Pale White
Volkswagen,Beetle,7,1,38142.85714,-11,$45000,$40050,-70.33333333,1,1,Medium Income,Pale White
Ford,Windstar,9,1,31055.77778,-36,$62001,$39929,-57.0655914,2,1,Low Income,Red
Chrysler,300M,18,1,16255.83333,-19,$49001,$39901,,3,2,High Income,Red
Chevrolet,Impala,18,1,16250.27778,-38,$64000,$39887,-5.030952381,3,2,Low Income,Pale White
Lincoln,Navigator,9,1,31000.44444,-57,$93001,$39858,-50.79259259,3,1,Medium Income,Pale White
Cadillac,Seville,14,1.076923077,22450.23077,-11,$44600,$39798,-56.85993951,1,1,High Income,Pale White
Mercedes-B,CL500,10,1,29140.2,36,$29200,$39737,-54.32528736,1,1,High Income,Red
Dodge,Intrepid,8,1,31187.75,25,$31501,$39395,-78.9896695,1,1,High Income,Red
Saturn,SW,8,1,36062.5,-64,$108000,$39341,-63.57314815,3,1,High Income,Black
Ford,Windstar,12,1,21750,-22,$50000,$39150,-33.07692308,1,1,Medium Income,Pale White
Ford,Focus,16,1,18750.125,15,$34001,$39131,-47.82602899,1,1,Low Income,Pale White
Nissan,Maxima,8,1,22825,-50,$78000,$39129,-55.48464164,3,2,High Income,Red
Ford,Expedition,14,1,19550.21429,5,$37100,$39100,-45.69519868,1,1,High Income,Pale White
Audi,A8,1,1,13001,,,$39003,,,,High Income,Pale White
Ford,Mustang,9,1,30333.77778,-43,$68000,$39001,,1,1,Medium Income,Red
Audi,A8,1,1,13000,,,$39000,,,,Medium Income,Pale White
Ford,F-Series,1,1,13000,,,$39000,,,,Medium Income,Red
Mercedes-B,SLK230,9,1,33000,-61,$99000,$38739,-81.81267606,3,1,Medium Income,Pale White
Acura,Integra,4,1,45000,-14,$45000,$38571,-71.42888889,,,Medium Income,Black
BMW,328i,10,1,29330.3,-39,$63100,$38257,-69.49202552,1,1,High Income,Pale White
Mercedes-B,M-Class,12,1,18041.83333,,,$38206,-46.9368481,,,Low Income,Black
Mercedes-B,S-Class,13,1,18573.46154,,,$38124,-12.36466451,,,High Income,Red
Toyota,Land Cruiser,16,1,17418.875,55,$24501,$38005,-63.59744066,,,High Income,Red
Jaguar,S-Type,13,1,20423.46154,-37,$60301,$37929,-13.79968637,3,2,High Income,Black
Mercedes-B,CL500,10,1,29050.3,-35,$58001,$37892,,2,1,Medium Income,Red
Mercedes-B,M-Class,6,1,35750.33333,,,$37853,,,,Medium Income,Pale White
Saturn,SW,10,1,25230.4,51,$25001,$37846,-49.54068504,1,2,High Income,Pale White
Audi,A4,24,1.043478261,12600.21739,-55,$84602,$37801,-30.00074071,5,2,High Income,Pale White
BMW,323i,13,1,20308,-40,$63001,$37715,,2,1,Medium Income,Red
Porsche,Carrera Coupe,8,1,22000.375,,,$37715,-65.71457142,,,Medium Income,Red
Volkswagen,Jetta,8,1,22000.125,71,$22000,$37715,-42.85692641,,,Medium Income,Black
Dodge,Viper,9,1,30639,-60,$95000,$37602,-55.23678008,2,1,Medium Income,Pale White
Volkswagen,Cabrio,10,1,25000.3,50,$25000,$37500,-50.00199992,,,Low Income,Red
Mercedes-B,M-Class,9,1,25000.22222,-25,$50001,$37500,-50,2,1,Low Income,Red
Toyota,Avalon,9,1,18000.22222,,,$37385,-30.76851852,,,Low Income,Pale White
Chevrolet,Impala,16,1,17094,-49,$72504,$37296,-15.23636364,4,2,High Income,Pale White
Jaguar,S-Type,3,1,29000,,,$37286,,,,Medium Income,Red
Porsche,Carrera Coupe,17,1,16029.41176,-54,$80000,$37159,-22.58541667,5,2,Low Income,Black
Mercury,Sable,4,1,55625.25,-63,$100500,$37084,,2,1,Medium Income,Red
Ford,F-Series,18,1,13689.11111,-9,$40500,$36961,-11.15144231,2,2,High Income,Pale White
Volvo,V70,6,1,39000.16667,-53,$78001,$36948,,1,0,Medium Income,Black
Honda,CR-V,19,1,14908,54,$24000,$36946,-83.57955556,2,3,Low Income,Red
Cadillac,DeVille,8,1,33825.375,-59,$91000,$36900,-72.04672515,1,0,High Income,Pale White
Chevrolet,Malibu,4,1,52250.25,-55,$82001,$36883,,1,0,Medium Income,Red
Saturn,SL,9,1,20444.77778,-12,$42000,$36801,-38.66704443,1,1,Low Income,Red
Chevrolet,Prizm,14,1,20107.28571,145,$15000,$36718,-44.36919534,1,2,Medium Income,Red
Plymouth,Neon,12,1,22375.25,26,$29000,$36614,-67.88245614,1,1,Medium Income,Black
Toyota,Sienna,12,1,24208.83333,-60,$90001,$36313,-53.44666231,2,1,Low Income,Pale White
Dodge,Stratus,8,1,30250.125,-41,$62000,$36300,-60.969001,1,1,Medium Income,Red
Acura,RL,13,1,20384.69231,-34,$54500,$36137,-40.26942149,3,2,Medium Income,Black
Chrysler,Cirrus,1,1,12000,200,$12000,$36000,,1,3,Medium Income,Pale White
Toyota,Land Cruiser,1,1,12000,,,$36000,,,,Medium Income,Pale White
Toyota,Sienna,7,1,24000.14286,89,$19001,$36000,-76.92307692,,,Medium Income,Pale White
Honda,CR-V,9,1,21279.11111,,,$35909,-0.252777778,,,High Income,Red
Porsche,Carrera Coupe,17,1,16132.58824,-25,$48002,$35772,-25.475,2,1,High Income,Black
Dodge,Intrepid,26,1.04,11440.32,-46,$66002,$35751,-56.66703029,3,2,Low Income,Black
Ford,Mustang,16,1,17125.125,15,$31000,$35739,-77.52264151,1,1,Low Income,Black
Toyota,Corolla,6,1,31500.16667,-57,$82000,$35438,-46.30606061,,,Medium Income,Pale White
Ford,Taurus,8,1,22106.5,61,$22000,$35370,-73.41660842,1,2,High Income,Pale White
Hyundai,Accent,15,1,18066.86667,-3,$36500,$35348,-34.54074074,1,1,Low Income,Black
Oldsmobile,Aurora,4,1,38250.25,,,$35308,-83.42347418,,,Medium Income,Pale White
Volkswagen,GTI,8,1,25000.375,,,$35295,-52.94188232,,,Low Income,Red
Mercury,Cougar,9,1,22155.88889,56,$22500,$35189,-46.68333333,1,2,High Income,Red
Nissan,Xterra,3,1,31266.66667,,,$35175,-62.17741935,,,High Income,Pale White
Ford,Mustang,15,1,18680.53333,58,$22101,$35026,-46.9311071,1,2,High Income,Black
Toyota,4Runner,4,1,35000,,,$35000,,,,Low Income,Pale White
Volkswagen,Golf,9,1,19444.66667,,,$35000,-2.777777778,,,Medium Income,Pale White
BMW,323i,28,1,9161.071429,-23,$45602,$34979,-4.174999315,3,2,High Income,Black
Mercedes-B,CLK Coupe,10,1,22085.2,,,$34871,,,,High Income,Pale White
Honda,Passport,11,1,23227.36364,29,$27000,$34841,-10.66410256,,,Medium Income,Pale White
Mercury,Grand Marquis,14,1,19035.92857,-60,$86000,$34761,,1,0,Medium Income,Black
Mitsubishi,Montero Sport,7,1,36215,-49,$68001,$34569,-60.26688735,2,1,Medium Income,Red
Chevrolet,Impala,12,1,21016.75,-18,$42000,$34391,-78.16472172,2,2,High Income,Black
Jeep,Cherokee,18,1.058823529,14823.82353,23,$28001,$34364,-45.45569982,1,1,Low Income,Red
Chevrolet,Impala,6,1,21000.33333,,,$34364,-45.45569982,,,Low Income,Black
Mercedes-B,M-Class,10,1,25110.3,37,$25000,$34241,-77.33179745,1,1,High Income,Red
Ford,Contour,4,1,51250.25,,,$34167,-81.63064516,,,Medium Income,Pale White
Plymouth,Prowler,8,1,25625.125,7,$32000,$34167,-28.81875,1,1,Medium Income,Pale White
Volvo,S70,9,1,26389,70,$20000,$33929,-57.58875,,,Medium Income,Pale White
Pontiac,Grand Am,7,1,22428.71429,-11,$38000,$33643,-81.91236559,1,1,Medium Income,Red
Nissan,Altima,8,1,21000.375,-20,$42000,$33601,-46.66677248,2,2,Low Income,Red
Toyota,Sienna,15,1,17133.6,-40,$55501,$33522,-71.53121019,2,1,Medium Income,Black
Pontiac,Grand Prix,5,1,49000,76,$19000,$33409,-83.86038647,1,2,Medium Income,Red
Volvo,C70,5,1,35600,-59,$82000,$33375,,1,0,Medium Income,Pale White
Chevrolet,Monte Carlo,10,1,20000.1,59,$21000,$33334,,,,Medium Income,Red
Hyundai,Elantra,9,1,22200.33333,,,$33301,-51.09985316,,,High Income,Red
Jeep,Grand Cherokee,11,1,19168.27273,74,$19100,$33292,-43.09351657,1,2,High Income,Black
Ford,Focus,12,1,19396.25,-43,$58650,$33251,-19.09929199,1,1,High Income,Pale White
Saturn,SC,6,1,33083.66667,,,$33084,-67.08059701,,,Medium Income,Black
Ford,Crown Victoria,1,1,11000,200,$11000,$33000,,1,3,Medium Income,Black
Hyundai,Elantra,2,1,22000,,,$33000,,,,Medium Income,Red
Cadillac,Seville,5,1,44000.4,-25,$44000,$33000,,,,Medium Income,Black
Saturn,SL,1,1,11000,,,$33000,,,,Medium Income,Black
Mercedes-B,SL-Class,2,1,38415,-14,$38500,$32927,,1,1,Medium Income,Black
Lexus,LS400,14,1,16446.71429,153,$13001,$32893,-57.00373846,1,3,Low Income,Red
Chrysler,300M,8,1,26000.25,26,$26000,$32842,-57.89595139,1,1,Medium Income,Black
Chevrolet,Cavalier,12,1,20000.41667,64,$20000,$32728,-45.45333333,1,2,Low Income,Red
Mercedes-B,M-Class,12,1,18133.58333,-40,$54000,$32640,-41.18918919,3,2,High Income,Black
Saturn,SW,10,1,25000.1,-67,$100000,$32609,-78.26066667,2,1,Low Income,Pale White
Ford,F-Series,20,1,13025.15,-37,$52000,$32563,-72.52137077,3,2,Low Income,Red
Cadillac,Catera,5,1,28000.4,,,$32308,-61.53809524,,,Low Income,Red
Ford,Contour,13,1,19038.46154,70,$19000,$32283,-81.12105263,1,2,Low Income,Red
Nissan,Sentra,16,1,16119,-2,$32800,$32238,-59.95329251,2,2,High Income,Black
Ford,Escort,22,1,11207.59091,-29,$45060,$32161,-2.548330404,3,2,Low Income,Black
Oldsmobile,Bravada,12,1,17796.91667,-6,$34100,$32034,-7.950920951,2,2,High Income,Pale White
Ford,F-Series,7,1,28929,,,$31974,-52.63111111,,,Medium Income,Black
Dodge,Intrepid,22,1,11138.86364,-27,$44002,$31964,-61.74358483,2,1,High Income,Black
Chevrolet,Metro,6,1,37100,,,$31800,-71.35135135,,,High Income,Red
Porsche,Carrera Cabrio,10,1,22210.1,44,$22000,$31729,,1,1,High Income,Black
Jeep,Wrangler,13,1,18692.46154,-1,$32001,$31696,-66.98333333,1,1,Medium Income,Pale White
Mercury,Mountaineer,7,1,21071.71429,51,$21000,$31608,-25.62823529,1,2,Medium Income,Pale White
Oldsmobile,Alero,8,1,17062.5,,,$31500,-53.67647059,,,Low Income,Black
Dodge,Caravan,5,1,31500.2,-45,$57500,$31500,,2,1,Medium Income,Pale White
Toyota,Land Cruiser,7,1,18000.14286,,,$31500,-41.66882708,,,Medium Income,Red
Porsche,Boxter,2,1,26000,,,$31200,-60,,,Medium Income,Black
Mercedes-B,SL-Class,9,1,23055.88889,-28,$43001,$31125,-86.78360785,2,1,Medium Income,Pale White
Mercedes-B,SLK,12,1,19000.33333,64,$19000,$31091,,1,2,Low Income,Red
BMW,323i,10,1,19500.2,-45,$56000,$30790,-45.98245614,3,2,Medium Income,Pale White
Lexus,GS300,12,1,17042,-40,$51000,$30676,,2,1,Low Income,Red
Mercedes-B,C-Class,16,1.066666667,14933.46667,118,$14000,$30546,-51.51428571,1,2,Low Income,Black
Lexus,LS400,7,1,20086.14286,,,$30129,-68.51789931,,,High Income,Red
Chrysler,Concorde,10,1,19000.2,,,$30000,-47.37026771,,,Low Income,Red
Oldsmobile,Alero,7,1,17114.57143,-42,$51601,$29951,,2,1,High Income,Black
Ford,Escort,18,1,11644.72222,-9,$33001,$29944,-49.84422632,3,3,High Income,Black
Porsche,Boxter,7,1,24086,,,$29753,-59.68428184,,,High Income,Red
Chrysler,Cirrus,8,1,13625.5,,,$29728,-20.72533333,,,Low Income,Pale White
Oldsmobile,Intrigue,6,1,33000.33333,19,$25000,$29700,-74.61538462,,,Medium Income,Red
Hyundai,Elantra,6,1,24667.33333,,,$29601,-58.88921295,,,Medium Income,Pale White
Infiniti,I30,7,1,21000.42857,,,$29401,-55.4530303,,,Medium Income,Red
Lincoln,Town car,10,1,22500.3,-18,$36002,$29348,-70.35645384,2,2,Medium Income,Pale White
Mercury,Villager,6,1,26083.33333,-60,$72500,$29344,-65.06666667,2,1,Medium Income,Black
Chevrolet,Camaro,5,1,41000,-29,$41000,$29286,,,,Medium Income,Black
Dodge,Viper,3,1,26000.33333,,,$29250,,,,Medium Income,Black
Mercury,Mystique,6,1,29100.5,,,$29101,-88.86312059,,,High Income,Pale White
Hyundai,Sonata,9,1,16111.44444,-3,$30000,$29001,-41.99916002,1,1,Medium Income,Black
Ford,Focus,2,1,24125.5,,,$28951,,,,Medium Income,Pale White
Saturn,LS,8,1,24125.125,21,$24000,$28950,-60.20618557,,,High Income,Red
BMW,328i,11,1,21045.54545,38,$21000,$28938,-77.03333333,1,1,High Income,Red
Nissan,Xterra,4,1,31125.5,,,$28731,-84.55347494,,,High Income,Red
Ford,Expedition,11,1,19091.09091,-43,$50001,$28637,-56.61060606,3,2,Low Income,Pale White
Lexus,RX300,9,1,18000.22222,-21,$36001,$28589,,2,2,Low Income,Black
Nissan,Quest,9,1,22222.33333,,,$28572,-89.17727273,,,Medium Income,Black
Audi,A6,15,1,15200.26667,2,$28001,$28501,-32.14047619,2,2,Medium Income,Black
BMW,323i,24,1,9083.5,-55,$63502,$28435,5.314814815,5,2,Low Income,Black
Mercury,Villager,9,1,14694.66667,,,$28340,-32.52380952,,,Medium Income,Pale White
Plymouth,Breeze,7,1,30857.42857,28,$22000,$28174,-57.31406148,1,1,Medium Income,Pale White
Lexus,ES300,8,1,27000.125,-65,$81001,$28174,,2,1,Medium Income,Pale White
Honda,Accord,12,1,14000.41667,0,$28000,$28001,-66.66666667,1,1,Low Income,Red
Nissan,Xterra,6,1,31000.33333,,,$27900,,,,Low Income,Red
Nissan,Quest,4,1,32250.25,-15,$32500,$27643,-71.20520833,1,1,Medium Income,Pale White
Mercedes-B,SL-Class,13,1.083333333,18417,-46,$51002,$27626,-72.91648285,1,1,Low Income,Red
Chevrolet,Impala,10,1,22025.2,25,$22000,$27532,-58.28484848,1,1,Low Income,Red
Mitsubishi,3000GT,6,1,32000.5,-30,$39000,$27429,-76.55701136,1,1,Medium Income,Black
Mercury,Cougar,5,1,25600,,,$27429,,,,Medium Income,Pale White
Ford,Explorer,4,1,41000.5,,,$27334,-66.66626017,,,Medium Income,Red
Hyundai,Sonata,6,1,21216.83333,,,$27279,-57.10849057,,,High Income,Red
Ford,Contour,10,1,19030.2,42,$19101,$27186,,1,1,High Income,Red
Dodge,Ram Pickup,10,1,19000.5,43,$19000,$27144,-52.37894737,1,1,Medium Income,Black
Nissan,Altima,9,1,20055.77778,35,$20001,$27075,-54.87725614,1,1,Medium Income,Pale White
Mitsubishi,Mirage,1,1,9001,,,$27003,,,,Medium Income,Black
Volvo,V40,10,1,18000.5,50,$18000,$27001,-49.99814815,1,2,Low Income,Pale White
Audi,A4,4,1,27000,,,$27000,,,,Medium Income,Black
Mercedes-B,SL-Class,11,1,17172.90909,54,$17500,$26986,,1,2,High Income,Red
Mitsubishi,Eclipse,8,1,12250.375,,,$26728,-25.75555556,,,High Income,Pale White
Subaru,Forester,8,1,22250.375,-42,$46000,$26700,,2,1,Medium Income,Red
Jeep,Grand Cherokee,8,1,21013,-37,$42000,$26543,-57.87026015,2,1,High Income,Red
Chevrolet,Cavalier,7,1,20185.85714,,,$26494,-85.40299609,,,High Income,Red
Volvo,S80,8,1,22000.25,26,$21001,$26400,-58.0952381,,,Medium Income,Pale White
Mercedes-B,C-Class,15,1,14053.66667,-53,$56001,$26351,-69.01887014,3,1,High Income,Black
Audi,A4,16,1,12031.5625,9,$24001,$26251,-27.08055556,1,1,Low Income,Pale White
Dodge,Ram Pickup,3,1,46333.33333,,,$26063,,,,Medium Income,Red
Chevrolet,Cavalier,6,1,20000,29,$20000,$25714,-71.42888889,1,1,Medium Income,Red
Volvo,S40,8,1,23547.75,-24,$34001,$25688,-61.07878788,2,2,Medium Income,Red
Acura,TL,7,1,23143.14286,,,$25579,-64.47509132,,,Medium Income,Red
Porsche,Carrera Coupe,9,1,16055.88889,-47,$48000,$25501,-46.8762369,1,1,Medium Income,Black
Dodge,Avenger,9,1.125,18000,59,$16000,$25412,-73.52916667,,,Low Income,Black
Volkswagen,Cabrio,10,1,18600.3,1,$25001,$25364,,,,Medium Income,Pale White
Saturn,SL,8,1,20075.125,-58,$60601,$25358,-78.86833333,1,0,Low Income,Pale White
Mercedes-B,C-Class,12,1,14083.75,111,$12001,$25351,-58.78020227,,,Medium Income,Pale White
Dodge,Stratus,4,1,29500,-32,$37000,$25286,-49.428,1,1,Medium Income,Pale White
Chrysler,Town & Country,4,1,29500.25,49,$17000,$25286,-79.93174603,1,1,Medium Income,Pale White
Mercury,Mountaineer,4,1,21000,-40,$42000,$25200,,2,1,Low Income,Red
Volkswagen,Cabrio,2,1,25000.5,,,$25001,-66.66533333,,,Medium Income,Red
Dodge,Ram Van,7,1,27285.85714,-20,$31000,$24913,-84.90121212,1,1,Medium Income,Red
Lexus,LX470,9,1,22111.11111,13,$22000,$24875,-63.14814815,1,1,High Income,Black
Buick,Regal,10,1,19050.3,-56,$57001,$24848,-56.40931179,1,0,Medium Income,Black
Chevrolet,Monte Carlo,3,1,44000.33333,,,$24750,,,,Medium Income,Black
Volvo,S70,6,1,24666.83333,-5,$26000,$24667,-62.62575758,,,Medium Income,Black
Saab,SportCombi,2,1,41000,,,$24600,,,,Low Income,Black
Lincoln,Town car,8,1,21500,-5,$26000,$24571,-68.49871795,1,1,Medium Income,Black
Chrysler,Sebring Coupe,9,1,19944.44444,-36,$38500,$24477,,2,1,Medium Income,Red
Mitsubishi,Diamante,10,1,15500.1,,,$24474,-32.02044331,,,Medium Income,Red
Ford,Windstar,5,1,31000.2,,,$24474,,,,Medium Income,Red
Toyota,Sienna,9,1,19000.44444,-36,$38000,$24429,-57.14210526,2,1,Low Income,Red
Saturn,SL,2,1,20250,,,$24300,,,,High Income,Pale White
Lexus,GS400,8,1,22250.125,102,$12000,$24273,-92.36698113,1,2,Medium Income,Black
Chevrolet,Malibu,9,1,16033.77778,49,$16100,$24051,-50.0529562,1,1,High Income,Black
Dodge,Neon,5,1,19000.2,25,$19001,$23750,-79.16666667,1,1,Low Income,Pale White
Chevrolet,Impala,3,1,21000.33333,,,$23625,,,,Medium Income,Black
Jeep,Cherokee,6,1,28816.83333,-53,$50000,$23577,,2,1,Medium Income,Pale White
Chrysler,Sebring Coupe,15,1.071428571,12857.28571,-61,$60001,$23479,-34.78055556,5,2,Low Income,Black
Chevrolet,Monte Carlo,6,1,23334,11,$21001,$23334,-70.08461538,1,1,Medium Income,Pale White
Pontiac,Sunfire,9,1,18000.22222,29,$18000,$23143,-57.14259259,1,1,Medium Income,Black
Ford,Explorer,7,1,22000.28571,,,$23100,-65,,,Medium Income,Black
Cadillac,Eldorado,5,1,32200.2,-38,$37000,$23000,-87.63460804,1,1,Medium Income,Red
Dodge,Neon,2,1,19000,,,$22800,,,,Medium Income,Red
Chevrolet,Lumina,8,1,22784,-41,$38470,$22784,,1,1,High Income,Pale White
Chrysler,LHS,9,1,16000.11111,,,$22737,,,,High Income,Red
Chevrolet,Malibu,9,1,16000.11111,-29,$32000,$22737,-52.63125,1,1,Low Income,Black
Oldsmobile,Bravada,3,1,17667,,,$22715,,,,Medium Income,Red
Oldsmobile,Silhouette,8,1,22625.25,-33,$34000,$22625,,1,1,Medium Income,Red
Ford,Expedition,3,1,22166.66667,,,$22167,,,,Medium Income,Red
Ford,Crown Victoria,12,1,14758.58333,-68,$70000,$22138,-32.92124958,3,1,Low Income,Black
Chevrolet,Impala,8,1,22112.875,-3,$22900,$22113,,1,1,High Income,Red
Mercedes-B,CL500,8,1,22062.75,0,$22000,$22063,-66.57121212,1,1,Medium Income,Black
Dodge,Ram Wagon,7,1,22000,0,$22000,$22000,-66.66666667,1,1,Medium Income,Black
Chrysler,Cirrus,3,1,12200.66667,-9,$24002,$21961,,2,2,High Income,Pale White
Dodge,Ram Wagon,5,1,16100.4,,,$21955,-77.48274412,,,High Income,Pale White
Mercury,Mystique,2,1,29250.5,,,$21938,,,,Medium Income,Red
Chrysler,Cirrus,14,1,12000.14286,-9,$24001,$21913,-39.13055556,2,2,Low Income,Red
Chevrolet,Metro,4,1,31000.25,,,$21883,,,,Medium Income,Black
Nissan,Xterra,4,1,31000.25,,,$21883,-76.46989247,,,Low Income,Pale White
Mitsubishi,Montero,10,1,16025.1,-54,$48001,$21852,,3,1,Medium Income,Black
Dodge,Ram Wagon,5,1,16000.4,36,$16000,$21819,,1,1,Low Income,Pale White
Mercury,Mystique,5,1,29000,-25,$29000,$21750,-75,1,1,Low Income,Pale White
Mercury,Mystique,4,1,29000,-25,$29000,$21750,,1,1,Low Income,Red
Porsche,Boxter,5,1,26000.4,,,$21667,-72.22286322,,,High Income,Black
Lincoln,Navigator,9,1,19089.11111,13,$19000,$21475,-81.55116277,1,1,Medium Income,Black
Pontiac,Bonneville,8,1,17000.25,,,$21474,-34.93121629,,,Medium Income,Red
Porsche,Carrera Cabrio,5,1,27200.2,,,$21474,,,,Medium Income,Pale White
Mercedes-B,E-Class,10,1,15000.1,-29,$30001,$21429,,2,1,Low Income,Red
Chevrolet,Lumina,6,1,16666.83333,-11,$24000,$21429,-72.52692308,2,2,Medium Income,Pale White
Mercedes-B,M-Class,4,1,25000,-14,$25000,$21429,-71.428,1,1,Medium Income,Red
Dodge,Neon,6,1,19000.33333,,,$21375,-62.5,,,Low Income,Red
Plymouth,Voyager,8,1,16000.125,,,$21334,,,,Medium Income,Red
Volkswagen,Passat,6,1,14167,-18,$26000,$21251,-45.51444761,,,Medium Income,Red
Ford,Taurus,7,1,22214.42857,-4,$22001,$21205,,,,High Income,Red
Dodge,Avenger,10,1,16130.2,29,$16300,$21039,-71.08120739,1,1,High Income,Black
Honda,Accord,2,1,14000,50,$14000,$21000,,1,2,Medium Income,Red
Mercury,Cougar,7,1,22000.28571,-5,$22000,$21000,-68.18181818,1,1,Low Income,Red
Toyota,Land Cruiser,7,1,21000.14286,0,$21000,$21000,,1,1,Medium Income,Black
Mercury,Mountaineer,4,1,21000.25,0,$21000,$21000,,1,1,Medium Income,Red
Jaguar,S-Type,8,1,20125.375,31,$16000,$21000,,1,1,Medium Income,Black
Mercedes-B,S-Class,13,1,11769.53846,-50,$42001,$20864,,1,0,Medium Income,Pale White
Dodge,Ram Van,9,1,15444.88889,-33,$31000,$20851,,1,1,Medium Income,Pale White
Porsche,Carrera Cabrio,6,1,22000.5,-5,$22000,$20843,,1,1,Low Income,Black
Honda,CR-V,4,1,31175.5,,,$20784,-78.14511041,,,Medium Income,Black
Dodge,Avenger,5,1,22100,-53,$44000,$20719,,1,0,Medium Income,Pale White
BMW,528i,4,1,29000,,,$20471,,,,Medium Income,Red
Volvo,V40,9,1,18111.22222,13,$18000,$20375,-64.06525573,1,1,High Income,Pale White
Plymouth,Voyager,5,1,21700.2,-1,$20501,$20344,,,,Medium Income,Pale White
Mercury,Mountaineer,7,1.166666667,24500.33333,-76,$84001,$20046,-68.18196248,1,0,High Income,Red
Chevrolet,Camaro,5,1,21300.2,-17,$24000,$19969,-72.26643334,1,1,Medium Income,Pale White
Chevrolet,Impala,3,1,22000.66667,,,$19801,,,,Medium Income,Red
Mercedes-B,CLK Coupe,3,1,22000,-10,$22000,$19800,,,,Medium Income,Pale White
Dodge,Dakota,4,1,16500,-40,$33000,$19800,,2,1,Medium Income,Pale White
Ford,F-Series,11,1,13159.09091,52,$13000,$19739,-49.38717949,1,2,High Income,Red
Pontiac,Grand Am,7,1,19714.42857,-69,$64001,$19714,,3,1,Medium Income,Pale White
Dodge,Avenger,5,1,28800.2,-50,$39000,$19637,,1,1,Medium Income,Red
Toyota,Tacoma,2,1,36000.5,,,$19637,-81.81809765,,,Medium Income,Black
Oldsmobile,Intrigue,4,1,18000,,,$19636,-63.63703704,,,Low Income,Black
Toyota,Camry,4,1,31000.5,,,$19579,,,,Medium Income,Pale White
Ford,Escort,6,1,15167,30,$15000,$19500,,,,High Income,Pale White
Porsche,Carrera Coupe,6,1,24750.33333,-60,$48001,$19370,,2,1,Medium Income,Pale White
Nissan,Maxima,6,1,22500,-67,$58000,$19286,,1,0,Medium Income,Red
Dodge,Ram Wagon,2,1,16000,,,$19200,-60,,,Medium Income,Pale White
Dodge,Neon,4,1,19150.25,,,$19150,-67.26495726,,,High Income,Pale White
Chevrolet,Lumina,11,1,12000.27273,57,$12000,$18858,-47.61666667,1,2,Low Income,Red
Ford,Mustang,2,1,22000.5,,,$18858,,,,Medium Income,Black
Dodge,Intrepid,4,1,31025.5,-40,$31001,$18615,,1,1,High Income,Pale White
Jeep,Grand Cherokee,5,1,23500.2,20,$15500,$18553,-82.82177347,,,Medium Income,Pale White
Chrysler,Sebring Coupe,11,1,12200.27273,46,$12500,$18300,-49.16949058,1,1,High Income,Black
Oldsmobile,Intrigue,6,1,18267.16667,-67,$55602,$18267,,3,1,High Income,Black
Chevrolet,Lumina,4,1,12126,,,$18189,,,,Medium Income,Red
Mercury,Mystique,5,1,29100.2,-37,$29000,$18188,,1,1,High Income,Red
Mitsubishi,Eclipse,2,1,12000.5,,,$18001,-50.00138877,,,Medium Income,Pale White
Chevrolet,Camaro,3,1,24000.33333,,,$18000,,,,Medium Income,Red
Chrysler,LHS,3,1,16000,,,$18000,,,,Medium Income,Red
Saturn,SL,6,1,20683.5,-14,$20500,$17729,,1,1,High Income,Red
Volkswagen,GTI,5,1,23600,-29,$25000,$17700,,1,1,Medium Income,Pale White
Chevrolet,Malibu,7,1,16000.28571,-45,$32001,$17685,,,,Medium Income,Black
Ford,Taurus,4,1,22000.25,,,$17600,-73.33333333,,,Medium Income,Red
Volkswagen,Passat,9,1,14333.44444,-66,$51000,$17591,,1,0,Medium Income,Black
Hyundai,Sonata,5,1,21000,,,$17500,-72.22222222,,,Medium Income,Red
Chrysler,300M,8,1,16000.375,9,$16001,$17455,-81.81884466,,,Medium Income,Red
Saturn,SL,11,1,11000.18182,-61,$44002,$17286,-47.61818182,3,1,Low Income,Black
Mercury,Mystique,14,1,9036.071429,-52,$36001,$17251,-36.1145058,4,2,Low Income,Black
Chevrolet,Camaro,5,1,24080.2,-29,$24300,$17200,,1,1,High Income,Red
BMW,328i,6,1,21000.5,-18,$21000,$17182,-72.72698413,1,1,Medium Income,Red
Audi,A4,10,1,12000.1,43,$12000,$17143,-52.38055556,1,1,Medium Income,Pale White
Mitsubishi,Eclipse,9,1,12000.22222,,,$17053,,,,Low Income,Pale White
Saturn,SW,3,1,36000.33333,,,$17053,,,,Medium Income,Black
Dodge,Intrepid,4,1,31000.25,-45,$31000,$16909,-81.81886606,1,1,Low Income,Pale White
Volkswagen,GTI,4,1,25125.5,-33,$25000,$16750,,1,1,Medium Income,Red
Jeep,Wrangler,8,1,16750.125,29,$13001,$16750,-65.10416667,1,1,Medium Income,Red
Dodge,Neon,4,1,19250,,,$16500,,,,High Income,Red
Cadillac,Seville,2,1,22000.5,,,$16500,,,,Medium Income,Pale White
Ford,Escort,8,1,15062.875,10,$15000,$16432,-75.92486777,1,1,Low Income,Pale White
Dodge,Durango,3,1,31000,-47,$31000,$16412,,1,1,Medium Income,Red
Cadillac,Eldorado,3,1,31000.33333,,,$16412,,,,Medium Income,Pale White
Mercedes-B,SLK,5,1,26250.4,-39,$26750,$16407,-78.96592395,1,1,High Income,Black
Dodge,Ram Van,2,1,60000,-73,$60000,$16364,,1,0,Medium Income,Black
Saturn,SW,3,1,25000.66667,-36,$25000,$16072,-89.2857619,1,1,Medium Income,Red
Hyundai,Accent,5,1,18200,-11,$18000,$16059,-71.06486486,1,1,Medium Income,Black
Ford,Escort,6,1,15133.33333,-47,$30000,$16024,-64.39111111,2,1,High Income,Red
Mercedes-B,C-Class,6,1,15000.33333,6,$15001,$15883,-64.70444444,,,Low Income,Red
Mercedes-B,S-Class,3,1,21166.66667,,,$15875,,,,Medium Income,Red
Volvo,S70,6,1,21134,-63,$42301,$15851,,1,0,High Income,Red
Nissan,Altima,4,1,21125.75,,,$15844,-75.43680139,,,High Income,Red
Lexus,LX470,5,1,22100,-30,$22500,$15786,-76.08181818,1,1,Medium Income,Black
Honda,Accord,7,1,14228.71429,,,$15726,-62.55981716,,,High Income,Red
Hyundai,Sonata,6,1.2,18800.2,-40,$26000,$15667,,,,Medium Income,Pale White
Saturn,LS,5,1,24000.2,-67,$48001,$15652,-78.26111111,2,1,Low Income,Red
Toyota,Sienna,5,1,19120,,,$15095,,,,High Income,Red
Jeep,Cherokee,6,1,14233.66667,-46,$28101,$15071,-82.37309942,2,1,High Income,Red
BMW,323i,5,1,9000.2,67,$9000,$15000,,1,2,Medium Income,Black
Ford,Taurus,4,1,22000.25,,,$14667,,,,Low Income,Pale White
Chrysler,Sebring Conv.,6,1,16216.83333,-9,$16000,$14595,-54.39205025,1,1,High Income,Black
Subaru,Forester,5,1,21376.6,-64,$40881,$14575,,1,0,Medium Income,Pale White
Buick,Century,4,1,17000.25,-71,$51001,$14572,-71.42745098,1,0,Medium Income,Pale White
Chrysler,Cirrus,7,1,13828.57143,,,$14520,-59.66666667,,,High Income,Red
Dodge,Intrepid,3,1,11167,31,$11001,$14358,,,,Medium Income,Black
Volvo,S70,2,1,21000,,,$14000,-77.77777778,,,Low Income,Red
Toyota,4Runner,2,1,25500.5,,,$13909,,,,Medium Income,Black
Chevrolet,Metro,2,1,37000,,,$13875,,,,Medium Income,Red
Mercedes-B,E-Class,4,1,15000.5,,,$13847,,,,High Income,Red
Lexus,GS300,4,1,17125.75,-19,$17001,$13701,-73.1368743,1,1,High Income,Pale White
Ford,Escort,7,1,15000.42857,-54,$30001,$13696,,1,0,Low Income,Red
Volvo,S80,2,1,25000,,,$13636,,,,Medium Income,Red
Chevrolet,Lumina,9,1,12055.77778,-45,$24500,$13563,-62.325,2,1,High Income,Red
Mitsubishi,Mirage,12,1,9041.75,-27,$18500,$13563,-49.76666667,2,1,Low Income,Black
Lexus,RX300,5,1,18060,,,$13545,-74.91666667,,,High Income,Black
Buick,Park Avenue,3,1,12000.33333,13,$12000,$13500,,1,1,Medium Income,Red
Mercedes-B,SLK,3,1,19000,,,$13154,,,,High Income,Red
Honda,Passport,3,1,23333.33333,-73,$48000,$13125,,,,Medium Income,Black
Volkswagen,Cabrio,4,1,25150.25,-48,$25100,$13122,,1,1,High Income,Red
Chrysler,Concorde,7,1,13714.42857,-45,$24001,$13091,-63.63611111,2,1,Medium Income,Black
Chrysler,LHS,6,1,16000,-59,$32000,$13091,-72.72708333,2,1,Low Income,Red
Nissan,Xterra,3,1,20333.33333,,,$13071,,,,Medium Income,Black
Ford,Crown Victoria,3,1,29000,,,$13050,,,,Medium Income,Red
Dodge,Dakota,5,1,12140.2,,,$13007,-47.34008097,,,High Income,Red
Mercedes-B,C-Class,6,1,15125.5,,,$12965,-72.12007827,,,High Income,Red
Jaguar,S-Type,3,1,20000,-36,$20000,$12857,-78.57166667,1,1,Medium Income,Pale White
Toyota,Avalon,4,1,18000,-29,$18000,$12706,,1,1,High Income,Pale White
Chrysler,Concorde,3,1,19416.66667,,,$12482,-78.66324786,,,High Income,Red
Volvo,V40,3,1,18000,-31,$18000,$12462,-88.46111111,1,1,Medium Income,Pale White
Pontiac,Bonneville,4,1,17375,-69,$39000,$12265,-62.83333333,2,1,Medium Income,Pale White
Audi,A8,4,1,13125,,,$12115,-68.93589744,,,Low Income,Pale White
Dodge,Avenger,2,1,16000.5,,,$12000,-75,,,Medium Income,Black
Chrysler,Sebring Coupe,3,1,12000.33333,,,$12000,,,,Medium Income,Black
Audi,A8,3,1,13200.66667,,,$11881,-70.88204299,,,High Income,Red
Oldsmobile,Alero,3,1,17000,,,$11769,-76.92352941,,,Medium Income,Black
Dodge,Caravan,3,1,23000,-50,$23000,$11500,-83.33333333,1,1,Medium Income,Black
Nissan,Altima,2,1,21000,,,$11455,,,,Medium Income,Red
Lexus,GS300,2,1,17000.5,,,$11334,,,,Medium Income,Pale White
Ford,Escort,3,1,15000.33333,,,$11250,,,,Medium Income,Red
Ford,Crown Victoria,3,1,11200.33333,,,$11200,-66.21621622,,,High Income,Black
Chrysler,Cirrus,4,1,12125,,,$11192,,,,Medium Income,Red
Ford,Contour,3,1,19000,-72,$38000,$10688,,2,1,Medium Income,Red
Saturn,SL,5,1,11280.2,,,$10575,-68.66666667,,,High Income,Black
Honda,CR-V,3,1,21000,-13,$12000,$10500,,1,1,Medium Income,Red
Chrysler,Sebring Conv.,3,1,16233.33333,,,$10436,,,,Low Income,Black
Audi,A8,4,1,13000.25,-20,$13000,$10400,-73.33333333,1,1,Low Income,Red
Porsche,Boxter,3,1,24000,-57,$24000,$10286,,1,0,Medium Income,Red
Dodge,Dakota,6,1,12000.16667,-14,$12000,$10286,-71.42777778,,,Low Income,Red
Chevrolet,Corvette,3,1,26000,-80,$52000,$10174,,2,0,Medium Income,Black
Ford,F-Series,2,1,13500.5,,,$10125,,,,Medium Income,Pale White
Mercedes-B,M-Class,3,1,18000,-44,$18000,$10125,,1,1,Medium Income,Black
Mercury,Mystique,7,1,9378.571429,5,$9400,$9848,,1,1,High Income,Black
Mercedes-B,CL500,2,1,29000.5,-67,$29001,$9667,,1,0,Medium Income,Pale White
Mitsubishi,Mirage,6,1,9117,,,$9653,,,,High Income,Black
Dodge,Neon,2,1,19250,,,$9625,,,,Medium Income,Pale White
Ford,Focus,4,1,17000.75,-45,$17000,$9273,,1,1,Medium Income,Red
BMW,328i,2,1,21250.5,,,$9107,,,,Medium Income,Pale White
Mercury,Cougar,3,1,22000,-59,$22000,$9000,,,,Medium Income,Red
Mercedes-B,E-Class,4,1,15000.5,-40,$15000,$9000,,1,1,Medium Income,Red
Ford,Escort,5,1,11400.4,-18,$11001,$9000,,1,1,Medium Income,Black
Saturn,SL,2,1,21000.5,,,$9000,,,,Medium Income,Red
Nissan,Sentra,2,1,16000,,,$8727,,,,Medium Income,Black
Mercedes-B,SLK,2,1,19250,-58,$19500,$8250,-85.52631579,1,0,Medium Income,Red
Oldsmobile,Bravada,4,1.333333333,21333.66667,-47,$15000,$8000,-85.96491228,1,1,Medium Income,Pale White
Chevrolet,Impala,3,1,14000.33333,-44,$14000,$7875,,1,1,Medium Income,Pale White
Dodge,Dakota,3,1,12000.33333,,,$7715,,,,Medium Income,Red
Oldsmobile,Intrigue,3,1,18166.66667,-59,$18000,$7432,,1,0,Medium Income,Black
Mercury,Mystique,2,1,9250,,,$6938,,,,Medium Income,Black
Lexus,LS400,3,1,17000,-49,$13000,$6652,-82.94358974,1,1,Medium Income,Red
Toyota,Avalon,2,1,18000,-65,$18000,$6353,,,,Medium Income,Pale White
Volkswagen,Cabrio,2,1,16000,-63,$16000,$6000,,1,0,Medium Income,Black
Mercedes-B,C-Class,2,1,14250,-59,$14000,$5700,-86.89655172,1,0,Medium Income,Black
Jeep,Cherokee,2,1,14250,-64,$14000,$5029,,1,0,Medium Income,Red
